2020-04-16;2020-07-20;2020-08-19;3;1;7
2020-04-01;2020-06-05;2020-08-10;6;2;13
2020-04-20;2020-07-23;2020-08-07;4;3;19
2020-04-16;2020-07-17;2020-08-24;9;4;25
2020-04-19;2020-07-12;2020-08-17;6;5;31
2020-04-20;2020-06-13;2020-08-15;2;6;37
2020-04-25;2020-07-07;2020-08-05;8;7;43
2020-04-10;2020-07-09;2020-08-17;9;8;49
2020-04-06;2020-06-22;2020-08-25;1;9;55
2020-04-02;2020-07-21;2020-08-17;6;10;61
2020-04-25;2020-07-17;2020-08-08;7;11;67
2020-04-24;2020-07-16;2020-08-27;1;12;73
2020-04-22;2020-06-06;2020-08-18;3;13;79
2020-04-02;2020-06-29;2020-08-04;8;14;85
2020-04-04;2020-06-04;2020-08-10;5;15;91
2020-04-11;2020-06-15;2020-08-12;5;16;97
2020-04-08;2020-07-05;2020-08-12;2;17;103
2020-04-29;2020-07-03;2020-08-12;7;18;109
2020-04-01;2020-06-12;2020-08-03;2;19;115
2020-04-10;2020-07-29;2020-08-28;6;20;121
2020-04-11;2020-06-25;2020-08-11;5;21;127
2020-04-28;2020-07-15;2020-08-09;10;22;133
2020-04-20;2020-06-29;2020-08-13;4;23;139
2020-04-09;2020-06-27;2020-08-24;5;24;145
2020-04-06;2020-07-31;2020-08-03;1;25;151
2020-04-02;2020-07-28;2020-08-17;2;26;157
2020-04-26;2020-07-27;2020-08-13;3;27;163
2020-04-30;2020-06-26;2020-08-25;8;28;169
2020-04-15;2020-06-01;2020-08-09;9;29;175
2020-04-29;2020-07-22;2020-08-23;4;30;181
2020-04-27;2020-07-05;2020-08-13;10;31;187
2020-04-06;2020-06-20;2020-08-25;6;32;193
2020-04-10;2020-07-28;2020-08-19;8;33;199
2020-04-25;2020-07-18;2020-08-19;8;34;205
2020-04-29;2020-06-08;2020-08-25;4;35;211
2020-04-18;2020-06-28;2020-08-06;1;36;217
2020-04-20;2020-06-13;2020-08-12;7;37;223
2020-04-10;2020-07-05;2020-08-29;10;38;229
2020-04-07;2020-06-09;2020-08-27;1;39;235
2020-04-05;2020-06-09;2020-08-20;5;40;241
2020-04-05;2020-06-23;2020-08-17;9;41;247
2020-04-28;2020-06-27;2020-08-16;6;42;253
2020-04-17;2020-06-17;2020-08-19;4;43;259
2020-04-22;2020-07-26;2020-08-26;6;44;265
2020-04-10;2020-07-15;2020-08-25;6;45;271
2020-04-29;2020-07-21;2020-08-05;4;46;277
2020-04-14;2020-07-22;2020-08-12;5;47;283
2020-04-02;2020-07-25;2020-08-29;2;48;289
2020-04-04;2020-06-26;2020-08-20;3;49;295
2020-04-01;2020-06-29;2020-08-13;10;50;301
2020-04-23;2020-06-20;2020-08-25;10;51;307
2020-04-12;2020-06-10;2020-08-21;2;52;313
2020-04-01;2020-06-20;2020-08-06;10;53;319
2020-04-07;2020-07-04;2020-08-26;6;54;325
2020-04-23;2020-07-05;2020-08-05;1;55;331
2020-04-05;2020-07-03;2020-08-29;7;56;337
2020-04-26;2020-06-28;2020-08-28;1;57;343
2020-04-01;2020-06-26;2020-08-13;8;58;349
2020-04-21;2020-06-28;2020-08-05;4;59;355
2020-04-09;2020-07-26;2020-08-11;5;60;361
2020-04-28;2020-07-07;2020-08-11;2;61;367
2020-04-29;2020-07-20;2020-08-10;6;62;373
2020-04-12;2020-07-23;2020-08-20;5;63;379
2020-04-20;2020-06-21;2020-08-18;10;64;385
2020-04-17;2020-07-23;2020-08-24;1;65;391
2020-04-08;2020-06-23;2020-08-14;8;66;397
2020-04-04;2020-06-19;2020-08-11;1;67;403
2020-04-24;2020-06-25;2020-08-15;5;68;409
2020-04-27;2020-06-26;2020-08-04;2;69;415
2020-04-01;2020-07-07;2020-08-26;6;70;421
2020-04-30;2020-07-25;2020-08-29;1;71;427
2020-04-14;2020-06-11;2020-08-06;9;72;433
2020-04-01;2020-07-26;2020-08-09;10;73;439
2020-04-20;2020-07-11;2020-08-23;2;74;445
2020-04-17;2020-07-20;2020-08-12;5;75;451
2020-04-06;2020-06-01;2020-08-03;6;76;457
2020-04-25;2020-07-27;2020-08-19;7;77;463
2020-04-13;2020-06-12;2020-08-20;6;78;469
2020-04-18;2020-07-01;2020-08-09;3;79;475
2020-04-25;2020-07-12;2020-08-26;4;80;481
2020-04-24;2020-06-15;2020-08-21;2;81;487
2020-04-03;2020-06-14;2020-08-30;6;82;493
2020-04-27;2020-07-25;2020-08-13;7;83;499
2020-04-12;2020-06-08;2020-08-11;5;84;505
2020-04-28;2020-06-13;2020-08-11;4;85;511
2020-04-30;2020-06-14;2020-08-09;10;86;517
2020-04-04;2020-07-09;2020-08-21;5;87;523
2020-04-24;2020-06-16;2020-08-07;3;88;529
2020-04-21;2020-06-25;2020-08-16;7;89;535
2020-04-13;2020-07-21;2020-08-24;7;90;541
2020-04-24;2020-06-04;2020-08-18;1;91;547
2020-04-17;2020-06-04;2020-08-15;9;92;553
2020-04-24;2020-07-27;2020-08-03;10;93;559
2020-04-20;2020-06-05;2020-08-28;10;94;565
2020-04-27;2020-06-03;2020-08-04;9;95;571
2020-04-15;2020-06-10;2020-08-27;1;96;577
2020-04-14;2020-06-01;2020-08-27;7;97;583
2020-04-29;2020-07-07;2020-08-15;3;98;589
2020-04-04;2020-06-02;2020-08-23;3;99;595
2020-04-08;2020-07-04;2020-08-16;8;100;601
2020-04-10;2020-06-23;2020-08-05;8;101;607
2020-04-15;2020-06-11;2020-08-09;4;102;613
2020-04-16;2020-06-25;2020-08-24;6;103;619
2020-04-29;2020-06-08;2020-08-04;2;104;625
2020-04-13;2020-07-11;2020-08-19;10;105;631
2020-04-08;2020-06-15;2020-08-08;6;106;637
2020-04-06;2020-07-13;2020-08-06;3;107;643
2020-04-26;2020-06-08;2020-08-12;5;108;649
2020-04-22;2020-07-09;2020-08-14;10;109;655
2020-04-27;2020-06-03;2020-08-16;8;110;661
2020-04-26;2020-06-20;2020-08-29;6;111;667
2020-04-16;2020-07-19;2020-08-24;6;112;673
2020-04-30;2020-07-12;2020-08-18;10;113;679
2020-04-11;2020-07-29;2020-08-14;4;114;685
2020-04-30;2020-06-14;2020-08-19;9;115;691
2020-04-16;2020-06-18;2020-08-27;9;116;697
2020-04-23;2020-06-10;2020-08-10;9;117;703
2020-04-14;2020-06-16;2020-08-26;4;118;709
2020-04-22;2020-07-31;2020-08-21;3;119;715
2020-04-14;2020-06-03;2020-08-12;8;120;721
2020-04-07;2020-07-05;2020-08-18;7;121;727
2020-04-04;2020-07-11;2020-08-23;3;122;733
2020-04-08;2020-06-02;2020-08-22;9;123;739
2020-04-20;2020-07-23;2020-08-27;4;124;745
2020-04-22;2020-07-31;2020-08-21;10;125;751
2020-04-18;2020-06-22;2020-08-15;7;126;757
2020-04-15;2020-06-20;2020-08-28;10;127;763
2020-04-02;2020-07-04;2020-08-10;2;128;769
2020-04-04;2020-06-02;2020-08-05;9;129;775
2020-04-14;2020-07-24;2020-08-22;7;130;781
2020-04-23;2020-07-25;2020-08-13;10;131;787
2020-04-09;2020-07-13;2020-08-19;2;132;793
2020-04-25;2020-06-29;2020-08-26;2;133;799
2020-04-13;2020-07-23;2020-08-04;5;134;805
2020-04-14;2020-06-23;2020-08-20;3;135;811
2020-04-01;2020-06-19;2020-08-14;9;136;817
2020-04-07;2020-07-13;2020-08-08;1;137;823
2020-04-10;2020-06-18;2020-08-09;3;138;829
2020-04-25;2020-06-26;2020-08-13;10;139;835
2020-04-15;2020-07-28;2020-08-11;4;140;841
2020-04-04;2020-06-11;2020-08-20;4;141;847
2020-04-29;2020-07-30;2020-08-25;5;142;853
2020-04-05;2020-06-29;2020-08-16;8;143;859
2020-04-21;2020-07-02;2020-08-23;8;144;865
2020-04-06;2020-06-12;2020-08-17;10;145;871
2020-04-26;2020-06-26;2020-08-17;7;146;877
2020-04-14;2020-06-10;2020-08-08;5;147;883
2020-04-07;2020-07-09;2020-08-15;2;148;889
2020-04-30;2020-06-07;2020-08-13;4;149;895
2020-04-12;2020-06-05;2020-08-15;7;150;901
2020-04-15;2020-07-06;2020-08-27;10;151;907
2020-04-13;2020-06-26;2020-08-05;10;152;913
2020-04-22;2020-07-20;2020-08-27;7;153;919
2020-05-01;2020-07-24;2020-08-16;2;154;925
2020-04-27;2020-07-20;2020-08-21;9;155;931
2020-04-05;2020-07-03;2020-08-20;6;156;937
2020-04-14;2020-07-14;2020-08-17;5;157;943
2020-04-19;2020-06-28;2020-08-21;7;158;949
2020-04-26;2020-07-20;2020-08-14;10;159;955
2020-04-03;2020-07-01;2020-08-13;6;160;961
2020-04-01;2020-07-17;2020-08-14;5;161;967
2020-04-19;2020-06-06;2020-08-27;6;162;973
2020-04-28;2020-07-15;2020-08-23;1;163;979
2020-04-29;2020-07-28;2020-08-20;5;164;985
2020-04-29;2020-06-11;2020-08-05;2;165;991
2020-04-11;2020-07-23;2020-08-09;5;166;997
2020-04-17;2020-06-03;2020-08-17;2;167;1003
2020-04-03;2020-06-26;2020-08-23;3;168;1009
2020-04-02;2020-07-30;2020-08-17;4;169;1015
2020-04-02;2020-06-02;2020-08-05;5;170;1021
2020-04-11;2020-07-18;2020-08-13;3;171;1027
2020-04-03;2020-06-25;2020-08-13;6;172;1033
2020-04-07;2020-07-03;2020-08-07;6;173;1039
2020-04-17;2020-06-08;2020-08-07;9;174;1045
2020-04-21;2020-07-19;2020-08-10;7;175;1051
2020-04-12;2020-07-01;2020-08-26;9;176;1057
2020-04-06;2020-07-11;2020-08-22;5;177;1063
2020-04-20;2020-06-15;2020-08-23;2;178;1069
2020-04-12;2020-07-27;2020-08-05;1;179;1075
2020-04-19;2020-07-12;2020-08-29;2;180;1081
2020-04-19;2020-06-10;2020-08-11;9;181;1087
2020-04-28;2020-06-02;2020-08-03;3;182;1093
2020-04-12;2020-06-17;2020-08-27;4;183;1099
2020-04-11;2020-06-30;2020-08-08;8;184;1105
2020-04-02;2020-06-11;2020-08-06;8;185;1111
2020-04-26;2020-07-23;2020-08-18;5;186;1117
2020-04-02;2020-06-13;2020-08-17;6;187;1123
2020-04-04;2020-06-04;2020-08-09;1;188;1129
2020-04-28;2020-06-15;2020-08-29;4;189;1135
2020-04-24;2020-06-22;2020-08-25;8;190;1141
2020-04-12;2020-06-21;2020-08-21;9;191;1147
2020-04-14;2020-07-13;2020-08-07;4;192;1153
2020-04-30;2020-07-21;2020-08-06;3;193;1159
2020-04-25;2020-07-23;2020-08-17;3;194;1165
2020-04-13;2020-06-30;2020-08-29;2;195;1171
2020-04-26;2020-06-18;2020-08-09;3;196;1177
2020-04-27;2020-07-08;2020-08-09;9;197;1183
2020-04-22;2020-06-03;2020-08-13;1;198;1189
2020-04-23;2020-07-21;2020-08-17;3;199;1195
2020-04-02;2020-07-11;2020-08-13;1;200;1201
2020-04-13;2020-06-20;2020-08-21;3;201;1207
2020-04-24;2020-07-12;2020-08-10;8;202;1213
2020-04-25;2020-06-07;2020-08-11;5;203;1219
2020-04-15;2020-07-18;2020-08-13;8;204;1225
2020-04-21;2020-06-02;2020-08-21;1;205;1231
2020-04-26;2020-06-02;2020-08-13;4;206;1237
2020-04-11;2020-06-25;2020-08-13;1;207;1243
2020-04-29;2020-06-30;2020-08-25;10;208;1249
2020-04-07;2020-07-25;2020-08-16;9;209;1255
2020-04-28;2020-07-25;2020-08-22;6;210;1261
2020-04-13;2020-06-06;2020-08-28;7;211;1267
2020-04-12;2020-06-11;2020-08-05;4;212;1273
2020-04-26;2020-06-26;2020-08-09;10;213;1279
2020-04-19;2020-06-14;2020-08-21;10;214;1285
2020-04-04;2020-07-14;2020-08-07;3;215;1291
2020-04-29;2020-07-10;2020-08-23;1;216;1297
2020-04-09;2020-07-03;2020-08-12;6;217;1303
2020-04-11;2020-07-12;2020-08-14;10;218;1309
2020-04-08;2020-06-08;2020-08-26;9;219;1315
2020-04-15;2020-06-21;2020-08-26;10;220;1321
2020-04-16;2020-06-01;2020-08-25;1;221;1327
2020-04-07;2020-07-24;2020-08-04;6;222;1333
2020-04-26;2020-07-04;2020-08-22;1;223;1339
2020-04-07;2020-06-20;2020-08-24;4;224;1345
2020-04-05;2020-07-20;2020-08-29;5;225;1351
2020-04-01;2020-07-03;2020-08-06;8;226;1357
2020-04-11;2020-07-29;2020-08-08;10;227;1363
2020-04-15;2020-06-22;2020-08-29;9;228;1369
2020-04-13;2020-07-16;2020-08-09;9;229;1375
2020-04-08;2020-07-29;2020-08-22;5;230;1381
2020-04-14;2020-06-07;2020-08-24;10;231;1387
2020-04-20;2020-06-21;2020-08-14;1;232;1393
2020-04-03;2020-07-13;2020-08-20;8;233;1399
2020-04-16;2020-07-07;2020-08-10;5;234;1405
2020-04-30;2020-07-09;2020-08-14;7;235;1411
2020-04-08;2020-07-04;2020-08-14;1;236;1417
2020-04-25;2020-07-08;2020-08-05;8;237;1423
2020-04-05;2020-06-12;2020-08-11;8;238;1429
2020-04-12;2020-07-12;2020-08-25;4;239;1435
2020-04-16;2020-07-13;2020-08-12;1;240;1441
2020-04-18;2020-07-07;2020-08-14;6;241;1447
2020-04-05;2020-06-28;2020-08-06;9;242;1453
2020-04-19;2020-07-12;2020-08-06;10;243;1459
2020-04-30;2020-06-16;2020-08-11;8;244;1465
2020-04-05;2020-06-03;2020-08-22;7;245;1471
2020-04-16;2020-07-19;2020-08-20;9;246;1477
2020-04-11;2020-07-06;2020-08-18;6;247;1483
2020-04-02;2020-08-01;2020-08-12;5;248;1489
2020-04-02;2020-06-27;2020-08-17;5;249;1495
2020-04-08;2020-07-15;2020-08-21;7;250;1501
2020-04-06;2020-06-18;2020-08-24;7;251;1507
2020-04-28;2020-07-22;2020-08-11;5;252;1513
2020-04-29;2020-06-19;2020-08-24;3;253;1519
2020-04-19;2020-07-31;2020-08-04;3;254;1525
2020-04-22;2020-07-30;2020-08-27;8;255;1531
2020-04-07;2020-07-31;2020-08-09;4;256;1537
2020-04-21;2020-07-26;2020-08-28;5;257;1543
2020-04-18;2020-06-21;2020-08-20;1;258;1549
2020-04-25;2020-06-28;2020-08-04;5;259;1555
2020-04-05;2020-07-18;2020-08-23;5;260;1561
2020-04-30;2020-06-04;2020-08-23;1;261;1567
2020-04-25;2020-07-27;2020-08-26;8;262;1573
2020-04-07;2020-06-21;2020-08-29;8;263;1579
2020-04-19;2020-07-29;2020-08-08;2;264;1585
2020-04-14;2020-06-06;2020-08-26;5;265;1591
2020-04-12;2020-06-26;2020-08-03;4;266;1597
2020-04-25;2020-07-07;2020-08-21;5;267;1603
2020-04-17;2020-07-20;2020-08-12;6;268;1609
2020-04-15;2020-07-10;2020-08-23;1;269;1615
2020-04-30;2020-07-07;2020-08-26;7;270;1621
2020-04-15;2020-07-27;2020-08-09;7;271;1627
2020-04-29;2020-06-16;2020-08-11;8;272;1633
2020-04-07;2020-06-14;2020-08-07;9;273;1639
2020-04-26;2020-07-21;2020-08-05;2;274;1645
2020-04-07;2020-06-19;2020-08-17;1;275;1651
2020-04-19;2020-07-09;2020-08-09;3;276;1657
2020-04-16;2020-07-30;2020-08-30;7;277;1663
2020-04-22;2020-07-02;2020-08-12;10;278;1669
2020-04-23;2020-07-19;2020-08-13;1;279;1675
2020-04-07;2020-07-30;2020-08-26;7;280;1681
2020-04-09;2020-07-29;2020-08-16;9;281;1687
2020-04-16;2020-07-22;2020-08-17;6;282;1693
2020-04-08;2020-06-11;2020-08-04;7;283;1699
2020-04-09;2020-07-22;2020-08-11;2;284;1705
2020-04-10;2020-06-11;2020-08-07;5;285;1711
2020-04-07;2020-07-21;2020-08-16;5;286;1717
2020-04-11;2020-07-27;2020-08-03;10;287;1723
2020-04-03;2020-07-26;2020-08-23;1;288;1729
2020-04-14;2020-07-01;2020-08-10;5;289;1735
2020-04-21;2020-07-26;2020-08-10;1;290;1741
2020-04-19;2020-06-02;2020-08-21;3;291;1747
2020-04-18;2020-06-18;2020-08-08;4;292;1753
2020-04-07;2020-07-02;2020-08-27;4;293;1759
2020-04-27;2020-07-16;2020-08-20;7;294;1765
2020-04-09;2020-06-12;2020-08-12;7;295;1771
2020-04-20;2020-07-08;2020-08-10;9;296;1777
2020-04-07;2020-06-23;2020-08-17;2;297;1783
2020-04-10;2020-06-12;2020-08-03;10;298;1789
2020-04-13;2020-06-16;2020-08-10;6;299;1795
2020-04-06;2020-07-11;2020-08-14;6;300;1801
2020-04-30;2020-06-08;2020-08-11;5;301;1807
2020-04-19;2020-07-09;2020-08-15;4;302;1813
2020-04-25;2020-07-22;2020-08-28;5;303;1819
2020-04-03;2020-07-01;2020-08-10;3;304;1825
2020-04-30;2020-07-28;2020-08-04;2;305;1831
2020-04-30;2020-06-22;2020-08-16;6;306;1837
2020-04-04;2020-06-20;2020-08-22;1;307;1843
2020-04-05;2020-06-17;2020-08-07;3;308;1849
2020-04-02;2020-07-19;2020-08-14;3;309;1855
2020-04-15;2020-06-12;2020-08-29;10;310;1861
2020-04-06;2020-06-18;2020-08-28;9;311;1867
2020-04-27;2020-06-19;2020-08-21;6;312;1873
2020-04-26;2020-07-16;2020-08-13;4;313;1879
2020-04-09;2020-06-18;2020-08-18;1;314;1885
2020-04-22;2020-07-07;2020-08-26;7;315;1891
2020-04-15;2020-06-09;2020-08-06;10;316;1897
2020-04-08;2020-06-05;2020-08-10;2;317;1903
2020-04-04;2020-07-01;2020-08-06;7;318;1909
2020-04-09;2020-07-15;2020-08-05;2;319;1915
2020-04-26;2020-07-26;2020-08-23;8;320;1921
2020-04-16;2020-07-14;2020-08-05;7;321;1927
2020-04-29;2020-06-12;2020-08-23;9;322;1933
2020-04-12;2020-07-05;2020-08-19;7;323;1939
2020-04-27;2020-07-01;2020-08-25;10;324;1945
2020-04-28;2020-07-30;2020-08-12;7;325;1951
2020-04-04;2020-07-08;2020-08-18;2;326;1957
2020-04-01;2020-07-11;2020-08-27;10;327;1963
2020-04-20;2020-07-20;2020-08-27;10;328;1969
2020-04-21;2020-06-23;2020-08-16;1;329;1975
2020-04-05;2020-07-19;2020-08-07;6;330;1981
2020-04-07;2020-07-10;2020-08-19;6;331;1987
2020-04-19;2020-07-03;2020-08-29;7;332;1993
2020-04-27;2020-06-08;2020-08-24;3;333;1999
2020-04-23;2020-07-27;2020-08-03;4;334;2005
2020-04-21;2020-06-06;2020-08-20;5;335;2011
2020-04-20;2020-06-16;2020-08-23;7;336;2017
2020-05-01;2020-07-17;2020-08-07;6;337;2023
2020-04-05;2020-06-23;2020-08-24;1;338;2029
2020-04-22;2020-07-05;2020-08-04;7;339;2035
2020-04-18;2020-07-22;2020-08-05;8;340;2041
2020-04-29;2020-07-24;2020-08-08;3;341;2047
2020-04-28;2020-07-13;2020-08-22;4;342;2053
2020-04-16;2020-06-16;2020-08-11;1;343;2059
2020-04-08;2020-06-01;2020-08-04;2;344;2065
2020-04-22;2020-06-12;2020-08-28;4;345;2071
2020-04-09;2020-07-18;2020-08-29;2;346;2077
2020-04-22;2020-07-20;2020-08-10;8;347;2083
2020-04-22;2020-06-23;2020-08-06;3;348;2089
2020-04-11;2020-06-25;2020-08-25;5;349;2095
2020-04-13;2020-07-14;2020-08-10;3;350;2101
2020-04-20;2020-06-15;2020-08-11;6;351;2107
2020-04-23;2020-07-03;2020-08-29;5;352;2113
2020-04-23;2020-06-16;2020-08-04;2;353;2119
2020-04-12;2020-07-05;2020-08-18;7;354;2125
2020-04-25;2020-07-13;2020-08-13;4;355;2131
2020-04-17;2020-07-22;2020-08-16;1;356;2137
2020-04-12;2020-06-03;2020-08-28;3;357;2143
2020-04-10;2020-06-29;2020-08-06;10;358;2149
2020-04-28;2020-07-23;2020-08-20;9;359;2155
2020-04-10;2020-06-12;2020-08-14;5;360;2161
2020-04-17;2020-07-12;2020-08-10;8;361;2167
2020-04-03;2020-06-09;2020-08-16;3;362;2173
2020-04-18;2020-07-08;2020-08-28;3;363;2179
2020-04-13;2020-07-27;2020-08-27;5;364;2185
2020-04-03;2020-06-15;2020-08-21;5;365;2191
2020-04-25;2020-06-18;2020-08-21;4;366;2197
2020-04-13;2020-06-20;2020-08-24;8;367;2203
2020-04-28;2020-07-23;2020-08-25;6;368;2209
2020-04-25;2020-07-31;2020-08-22;3;369;2215
2020-04-28;2020-06-11;2020-08-25;9;370;2221
2020-04-01;2020-07-05;2020-08-25;10;371;2227
2020-04-16;2020-06-19;2020-08-06;3;372;2233
2020-04-15;2020-07-12;2020-08-11;2;373;2239
2020-04-13;2020-06-08;2020-08-26;4;374;2245
2020-04-21;2020-06-19;2020-08-07;8;375;2251
2020-04-06;2020-07-28;2020-08-16;10;376;2257
2020-04-10;2020-06-21;2020-08-23;10;377;2263
2020-04-29;2020-07-28;2020-08-11;10;378;2269
2020-04-16;2020-06-03;2020-08-05;7;379;2275
2020-04-22;2020-07-02;2020-08-24;8;380;2281
2020-04-30;2020-07-18;2020-08-23;6;381;2287
2020-04-26;2020-07-16;2020-08-29;1;382;2293
2020-04-18;2020-07-05;2020-08-04;1;383;2299
2020-04-04;2020-06-22;2020-08-24;9;384;2305
2020-04-30;2020-06-27;2020-08-19;3;385;2311
2020-04-20;2020-06-03;2020-08-18;9;386;2317
2020-04-25;2020-07-21;2020-08-26;2;387;2323
2020-04-23;2020-06-07;2020-08-10;1;388;2329
2020-04-13;2020-07-07;2020-08-13;8;389;2335
2020-04-03;2020-06-20;2020-08-12;9;390;2341
2020-04-08;2020-06-17;2020-08-04;7;391;2347
2020-04-12;2020-07-19;2020-08-07;10;392;2353
2020-04-23;2020-07-22;2020-08-09;7;393;2359
2020-04-29;2020-06-22;2020-08-10;1;394;2365
2020-04-08;2020-07-29;2020-08-18;1;395;2371
2020-04-01;2020-06-14;2020-08-29;3;396;2377
2020-04-14;2020-06-04;2020-08-16;7;397;2383
2020-04-19;2020-06-08;2020-08-17;7;398;2389
2020-04-07;2020-06-03;2020-08-17;9;399;2395
2020-04-16;2020-06-24;2020-08-18;7;400;2401
2020-04-30;2020-07-12;2020-08-07;2;401;2407
2020-04-18;2020-07-19;2020-08-03;8;402;2413
2020-04-25;2020-06-26;2020-08-03;6;403;2419
2020-04-28;2020-07-03;2020-08-24;3;404;2425
2020-04-25;2020-07-25;2020-08-19;1;405;2431
2020-04-30;2020-06-05;2020-08-22;5;406;2437
2020-04-07;2020-06-09;2020-08-04;9;407;2443
2020-04-25;2020-06-04;2020-08-08;7;408;2449
2020-04-30;2020-06-24;2020-08-27;6;409;2455
2020-04-13;2020-07-13;2020-08-16;6;410;2461
2020-04-21;2020-06-01;2020-08-24;8;411;2467
2020-04-09;2020-06-16;2020-08-11;6;412;2473
2020-04-10;2020-06-13;2020-08-10;6;413;2479
2020-04-22;2020-06-07;2020-08-14;8;414;2485
2020-04-10;2020-07-03;2020-08-17;8;415;2491
2020-04-17;2020-06-30;2020-08-08;7;416;2497
2020-04-22;2020-07-27;2020-08-09;5;417;2503
2020-04-15;2020-06-09;2020-08-08;3;418;2509
2020-04-03;2020-07-15;2020-08-18;1;419;2515
2020-04-11;2020-07-28;2020-08-16;3;420;2521
2020-05-01;2020-06-10;2020-08-04;2;421;2527
2020-04-18;2020-07-24;2020-08-11;4;422;2533
2020-04-03;2020-07-10;2020-08-14;7;423;2539
2020-04-19;2020-06-24;2020-08-19;5;424;2545
2020-04-01;2020-07-31;2020-08-12;4;425;2551
2020-04-10;2020-06-10;2020-08-10;3;426;2557
2020-04-26;2020-07-24;2020-08-05;9;427;2563
2020-04-19;2020-07-10;2020-08-12;2;428;2569
2020-04-18;2020-07-14;2020-08-28;4;429;2575
2020-04-20;2020-06-30;2020-08-13;2;430;2581
2020-04-11;2020-07-22;2020-08-17;8;431;2587
2020-04-21;2020-07-16;2020-08-07;3;432;2593
2020-04-02;2020-07-02;2020-08-29;2;433;2599
2020-04-21;2020-07-28;2020-08-21;1;434;2605
2020-04-10;2020-06-23;2020-08-25;7;435;2611
2020-04-29;2020-06-22;2020-08-07;1;436;2617
2020-04-06;2020-07-27;2020-08-11;6;437;2623
2020-04-14;2020-06-10;2020-08-23;3;438;2629
2020-04-21;2020-06-11;2020-08-27;9;439;2635
2020-04-19;2020-07-06;2020-08-28;3;440;2641
2020-04-24;2020-07-09;2020-08-29;6;441;2647
2020-04-16;2020-06-06;2020-08-16;9;442;2653
2020-04-26;2020-07-04;2020-08-08;7;443;2659
2020-04-25;2020-06-06;2020-08-09;8;444;2665
2020-04-22;2020-06-29;2020-08-12;8;445;2671
2020-04-03;2020-06-19;2020-08-24;3;446;2677
2020-04-05;2020-07-22;2020-08-10;6;447;2683
2020-04-27;2020-07-28;2020-08-20;9;448;2689
2020-04-27;2020-06-13;2020-08-22;2;449;2695
2020-04-07;2020-07-02;2020-08-03;9;450;2701
2020-04-15;2020-07-15;2020-08-19;5;451;2707
2020-04-21;2020-07-31;2020-08-10;6;452;2713
2020-04-21;2020-06-18;2020-08-29;8;453;2719
2020-04-16;2020-07-04;2020-08-21;8;454;2725
2020-04-06;2020-06-11;2020-08-26;10;455;2731
2020-04-28;2020-06-15;2020-08-27;7;456;2737
2020-04-23;2020-07-11;2020-08-12;1;457;2743
2020-04-07;2020-07-11;2020-08-09;2;458;2749
2020-04-19;2020-07-09;2020-08-27;7;459;2755
2020-04-05;2020-07-29;2020-08-08;1;460;2761
2020-04-10;2020-06-29;2020-08-16;10;461;2767
2020-04-30;2020-06-04;2020-08-21;9;462;2773
2020-04-21;2020-07-12;2020-08-15;2;463;2779
2020-04-28;2020-07-15;2020-08-15;10;464;2785
2020-04-10;2020-06-03;2020-08-10;8;465;2791
2020-04-05;2020-07-04;2020-08-23;5;466;2797
2020-04-01;2020-06-13;2020-08-26;10;467;2803
2020-04-16;2020-06-17;2020-08-08;1;468;2809
2020-04-17;2020-07-23;2020-08-08;5;469;2815
2020-04-01;2020-07-03;2020-08-06;2;470;2821
2020-04-25;2020-06-24;2020-08-08;1;471;2827
2020-04-25;2020-06-01;2020-08-16;2;472;2833
2020-04-20;2020-07-27;2020-08-24;10;473;2839
2020-04-23;2020-07-16;2020-08-28;10;474;2845
2020-04-06;2020-07-02;2020-08-04;1;475;2851
2020-04-07;2020-06-23;2020-08-11;3;476;2857
2020-04-13;2020-07-02;2020-08-12;1;477;2863
2020-04-01;2020-06-27;2020-08-05;2;478;2869
2020-04-05;2020-06-29;2020-08-11;4;479;2875
2020-04-12;2020-06-15;2020-08-19;8;480;2881
2020-04-23;2020-06-29;2020-08-29;5;481;2887
2020-04-02;2020-06-27;2020-08-10;10;482;2893
2020-04-24;2020-06-28;2020-08-10;4;483;2899
2020-04-01;2020-07-29;2020-08-16;9;484;2905
2020-04-18;2020-06-16;2020-08-13;6;485;2911
2020-04-28;2020-07-16;2020-08-23;1;486;2917
2020-04-07;2020-06-09;2020-08-17;4;487;2923
2020-04-09;2020-07-03;2020-08-15;1;488;2929
2020-04-17;2020-07-17;2020-08-17;9;489;2935
2020-04-30;2020-06-12;2020-08-16;3;490;2941
2020-04-30;2020-06-19;2020-08-15;9;491;2947
2020-04-29;2020-07-07;2020-08-04;1;492;2953
2020-04-19;2020-07-11;2020-08-12;10;493;2959
2020-04-08;2020-06-02;2020-08-23;4;494;2965
2020-04-24;2020-06-22;2020-08-06;7;495;2971
2020-04-07;2020-06-03;2020-08-05;6;496;2977
2020-04-03;2020-06-12;2020-08-22;1;497;2983
2020-04-04;2020-06-25;2020-08-12;3;498;2989
2020-04-24;2020-07-04;2020-08-22;10;499;2995
2020-04-20;2020-07-29;2020-08-06;5;500;3001
2020-04-05;2020-07-16;2020-08-14;4;501;3007
2020-04-09;2020-06-13;2020-08-27;8;502;3013
2020-04-19;2020-07-22;2020-08-10;7;503;3019
2020-04-15;2020-06-17;2020-08-04;7;504;3025
2020-04-05;2020-07-14;2020-08-10;5;505;3031
2020-04-15;2020-07-12;2020-08-05;9;506;3037
2020-04-11;2020-07-26;2020-08-22;3;507;3043
2020-04-24;2020-06-22;2020-08-07;9;508;3049
2020-04-18;2020-07-22;2020-08-26;8;509;3055
2020-04-01;2020-07-31;2020-08-05;7;510;3061
2020-04-01;2020-06-30;2020-08-14;10;511;3067
2020-04-05;2020-06-13;2020-08-20;3;512;3073
2020-04-06;2020-07-06;2020-08-08;2;513;3079
2020-04-20;2020-08-01;2020-08-29;8;514;3085
2020-04-08;2020-06-16;2020-08-05;10;515;3091
2020-04-25;2020-07-24;2020-08-09;1;516;3097
2020-04-24;2020-06-06;2020-08-06;6;517;3103
2020-04-01;2020-07-24;2020-08-17;1;518;3109
2020-04-27;2020-06-04;2020-08-23;8;519;3115
2020-04-28;2020-06-03;2020-08-11;1;520;3121
2020-04-15;2020-07-24;2020-08-23;7;521;3127
2020-04-11;2020-07-05;2020-08-07;4;522;3133
2020-04-12;2020-06-27;2020-08-12;9;523;3139
2020-04-25;2020-07-27;2020-08-19;7;524;3145
2020-04-28;2020-06-07;2020-08-06;9;525;3151
2020-04-03;2020-06-21;2020-08-18;2;526;3157
2020-04-15;2020-07-20;2020-08-28;5;527;3163
2020-04-24;2020-07-12;2020-08-25;8;528;3169
2020-04-30;2020-06-25;2020-08-17;9;529;3175
2020-04-10;2020-06-06;2020-08-11;8;530;3181
2020-04-04;2020-07-12;2020-08-16;4;531;3187
2020-04-22;2020-07-29;2020-08-19;1;532;3193
2020-04-07;2020-07-21;2020-08-09;9;533;3199
2020-04-02;2020-06-23;2020-08-08;3;534;3205
2020-04-07;2020-06-27;2020-08-12;6;535;3211
2020-04-23;2020-07-17;2020-08-21;5;536;3217
2020-04-02;2020-06-24;2020-08-26;1;537;3223
2020-04-08;2020-06-20;2020-08-12;3;538;3229
2020-04-15;2020-07-09;2020-08-05;2;539;3235
2020-04-15;2020-07-03;2020-08-15;2;540;3241
2020-04-17;2020-06-25;2020-08-11;8;541;3247
2020-04-03;2020-07-01;2020-08-09;5;542;3253
2020-04-26;2020-07-13;2020-08-29;4;543;3259
2020-04-06;2020-07-18;2020-08-18;1;544;3265
2020-04-29;2020-07-29;2020-08-22;3;545;3271
2020-04-14;2020-06-09;2020-08-20;6;546;3277
2020-04-07;2020-06-23;2020-08-12;4;547;3283
2020-04-08;2020-07-18;2020-08-04;5;548;3289
2020-04-26;2020-07-10;2020-08-06;3;549;3295
2020-04-26;2020-07-06;2020-08-04;1;550;3301
2020-04-13;2020-07-25;2020-08-09;2;551;3307
2020-04-14;2020-06-02;2020-08-10;1;552;3313
2020-04-04;2020-07-16;2020-08-12;10;553;3319
2020-04-13;2020-07-20;2020-08-18;9;554;3325
2020-04-11;2020-06-12;2020-08-12;5;555;3331
2020-04-27;2020-07-02;2020-08-15;6;556;3337
2020-04-24;2020-07-14;2020-08-05;7;557;3343
2020-04-27;2020-07-24;2020-08-21;4;558;3349
2020-04-18;2020-07-07;2020-08-22;3;559;3355
2020-04-24;2020-07-13;2020-08-22;9;560;3361
2020-04-01;2020-06-28;2020-08-03;3;561;3367
2020-04-02;2020-07-14;2020-08-13;1;562;3373
2020-04-01;2020-06-20;2020-08-22;6;563;3379
2020-04-10;2020-07-26;2020-08-16;5;564;3385
2020-04-10;2020-07-21;2020-08-05;2;565;3391
2020-04-25;2020-06-04;2020-08-29;1;566;3397
2020-04-07;2020-06-12;2020-08-26;4;567;3403
2020-04-20;2020-07-14;2020-08-12;3;568;3409
2020-04-20;2020-07-19;2020-08-17;10;569;3415
2020-04-26;2020-07-02;2020-08-21;9;570;3421
2020-04-10;2020-07-25;2020-08-24;5;571;3427
2020-04-29;2020-07-13;2020-08-26;6;572;3433
2020-04-13;2020-07-15;2020-08-23;9;573;3439
2020-04-29;2020-07-31;2020-08-15;10;574;3445
2020-04-26;2020-06-18;2020-08-04;6;575;3451
2020-04-20;2020-07-01;2020-08-12;5;576;3457
2020-04-02;2020-06-05;2020-08-05;1;577;3463
2020-04-25;2020-06-24;2020-08-23;2;578;3469
2020-04-11;2020-07-20;2020-08-18;7;579;3475
2020-04-06;2020-06-08;2020-08-12;2;580;3481
2020-04-01;2020-07-02;2020-08-09;5;581;3487
2020-04-17;2020-06-16;2020-08-14;6;582;3493
2020-04-30;2020-06-26;2020-08-30;1;583;3499
2020-04-17;2020-07-20;2020-08-18;6;584;3505
2020-04-13;2020-07-13;2020-08-14;5;585;3511
2020-04-03;2020-06-30;2020-08-15;6;586;3517
2020-04-12;2020-07-22;2020-08-13;6;587;3523
2020-04-13;2020-06-23;2020-08-12;10;588;3529
2020-04-14;2020-06-25;2020-08-06;7;589;3535
2020-04-05;2020-06-23;2020-08-25;6;590;3541
2020-04-05;2020-06-22;2020-08-06;2;591;3547
2020-04-06;2020-07-12;2020-08-25;9;592;3553
2020-04-03;2020-06-23;2020-08-23;8;593;3559
2020-04-04;2020-07-09;2020-08-05;5;594;3565
2020-04-23;2020-07-05;2020-08-29;7;595;3571
2020-04-18;2020-06-12;2020-08-04;5;596;3577
2020-04-16;2020-07-06;2020-08-06;2;597;3583
2020-04-22;2020-07-11;2020-08-24;8;598;3589
2020-04-10;2020-06-22;2020-08-28;3;599;3595
2020-04-01;2020-06-12;2020-08-22;7;600;3601
2020-04-16;2020-07-06;2020-08-06;3;601;3607
2020-04-22;2020-07-17;2020-08-29;4;602;3613
2020-04-24;2020-06-22;2020-08-24;3;603;3619
2020-04-17;2020-06-25;2020-08-19;8;604;3625
2020-04-18;2020-07-05;2020-08-18;7;605;3631
2020-04-15;2020-06-26;2020-08-18;4;606;3637
2020-04-15;2020-06-05;2020-08-06;6;607;3643
2020-04-09;2020-07-12;2020-08-18;10;608;3649
2020-04-27;2020-07-22;2020-08-29;3;609;3655
2020-04-09;2020-07-30;2020-08-24;3;610;3661
2020-04-26;2020-07-03;2020-08-17;9;611;3667
2020-04-13;2020-07-22;2020-08-12;10;612;3673
2020-04-24;2020-07-17;2020-08-06;2;613;3679
2020-04-05;2020-07-04;2020-08-28;6;614;3685
2020-04-29;2020-07-18;2020-08-17;6;615;3691
2020-04-02;2020-06-27;2020-08-21;5;616;3697
2020-04-03;2020-06-09;2020-08-15;7;617;3703
2020-04-16;2020-07-19;2020-08-06;10;618;3709
2020-04-24;2020-06-07;2020-08-16;2;619;3715
2020-04-05;2020-06-25;2020-08-20;8;620;3721
2020-04-04;2020-06-26;2020-08-28;10;621;3727
2020-04-02;2020-07-12;2020-08-25;9;622;3733
2020-04-22;2020-07-13;2020-08-05;6;623;3739
2020-04-05;2020-06-04;2020-08-26;7;624;3745
2020-04-09;2020-06-03;2020-08-18;10;625;3751
2020-04-15;2020-07-17;2020-08-15;10;626;3757
2020-05-01;2020-07-05;2020-08-04;8;627;3763
2020-04-19;2020-07-22;2020-08-19;6;628;3769
2020-04-09;2020-07-22;2020-08-17;6;629;3775
2020-04-08;2020-07-13;2020-08-20;1;630;3781
2020-04-15;2020-07-16;2020-08-28;9;631;3787
2020-04-15;2020-07-28;2020-08-22;6;632;3793
2020-04-18;2020-06-28;2020-08-23;10;633;3799
2020-04-09;2020-07-28;2020-08-04;4;634;3805
2020-04-12;2020-06-23;2020-08-11;7;635;3811
2020-04-23;2020-07-27;2020-08-07;9;636;3817
2020-04-23;2020-06-02;2020-08-21;5;637;3823
2020-04-15;2020-07-05;2020-08-13;10;638;3829
2020-04-14;2020-06-08;2020-08-14;3;639;3835
2020-04-15;2020-07-13;2020-08-13;8;640;3841
2020-04-30;2020-07-22;2020-08-23;5;641;3847
2020-04-06;2020-07-15;2020-08-18;7;642;3853
2020-04-23;2020-07-27;2020-08-06;1;643;3859
2020-04-20;2020-07-30;2020-08-10;3;644;3865
2020-04-18;2020-06-05;2020-08-24;8;645;3871
2020-04-22;2020-06-12;2020-08-13;7;646;3877
2020-04-05;2020-06-06;2020-08-07;8;647;3883
2020-04-29;2020-06-01;2020-08-08;6;648;3889
2020-04-22;2020-07-19;2020-08-07;5;649;3895
2020-04-20;2020-07-21;2020-08-18;6;650;3901
2020-04-05;2020-07-07;2020-08-10;7;651;3907
2020-04-17;2020-06-16;2020-08-26;9;652;3913
2020-04-17;2020-06-07;2020-08-13;1;653;3919
2020-04-30;2020-07-02;2020-08-06;4;654;3925
2020-04-13;2020-06-04;2020-08-07;4;655;3931
2020-04-22;2020-07-04;2020-08-15;9;656;3937
2020-04-20;2020-07-21;2020-08-29;10;657;3943
2020-04-10;2020-06-11;2020-08-23;9;658;3949
2020-04-17;2020-06-01;2020-08-15;4;659;3955
2020-04-07;2020-07-06;2020-08-23;8;660;3961
2020-04-07;2020-06-07;2020-08-06;7;661;3967
2020-04-08;2020-07-19;2020-08-04;7;662;3973
2020-04-10;2020-06-18;2020-08-20;6;663;3979
2020-04-07;2020-06-22;2020-08-08;8;664;3985
2020-04-30;2020-06-17;2020-08-05;5;665;3991
2020-04-01;2020-07-13;2020-08-17;7;666;3997
2020-04-09;2020-06-28;2020-08-15;6;667;4003
2020-04-02;2020-07-12;2020-08-16;8;668;4009
2020-04-25;2020-06-08;2020-08-28;4;669;4015
2020-04-12;2020-06-03;2020-08-04;10;670;4021
2020-04-13;2020-06-29;2020-08-13;5;671;4027
2020-04-24;2020-06-06;2020-08-22;9;672;4033
2020-04-17;2020-07-17;2020-08-23;1;673;4039
2020-04-05;2020-07-21;2020-08-13;9;674;4045
2020-04-14;2020-07-06;2020-08-15;3;675;4051
2020-04-12;2020-07-12;2020-08-10;9;676;4057
2020-04-28;2020-06-20;2020-08-23;8;677;4063
2020-04-30;2020-06-10;2020-08-18;5;678;4069
2020-04-05;2020-06-23;2020-08-29;7;679;4075
2020-04-16;2020-07-11;2020-08-09;9;680;4081
2020-04-21;2020-06-25;2020-08-05;5;681;4087
2020-04-17;2020-06-30;2020-08-28;6;682;4093
2020-04-19;2020-07-25;2020-08-23;10;683;4099
2020-04-07;2020-07-21;2020-08-12;4;684;4105
2020-04-08;2020-07-29;2020-08-17;8;685;4111
2020-04-30;2020-07-23;2020-08-04;10;686;4117
2020-04-13;2020-07-23;2020-08-04;4;687;4123
2020-04-29;2020-06-30;2020-08-11;2;688;4129
2020-04-24;2020-06-30;2020-08-07;2;689;4135
2020-04-03;2020-06-26;2020-08-20;8;690;4141
2020-04-01;2020-06-22;2020-08-07;2;691;4147
2020-04-23;2020-07-04;2020-08-11;2;692;4153
2020-04-24;2020-06-08;2020-08-24;5;693;4159
2020-04-23;2020-07-19;2020-08-22;3;694;4165
2020-04-27;2020-07-13;2020-08-26;1;695;4171
2020-04-01;2020-07-01;2020-08-07;3;696;4177
2020-04-03;2020-06-27;2020-08-23;9;697;4183
2020-04-23;2020-07-30;2020-08-11;2;698;4189
2020-04-03;2020-06-09;2020-08-19;10;699;4195
2020-04-28;2020-07-16;2020-08-25;3;700;4201
2020-04-12;2020-07-10;2020-08-16;4;701;4207
2020-04-28;2020-07-24;2020-08-19;5;702;4213
2020-04-11;2020-07-04;2020-08-23;1;703;4219
2020-04-08;2020-06-14;2020-08-22;7;704;4225
2020-04-04;2020-06-30;2020-08-24;5;705;4231
2020-04-23;2020-07-23;2020-08-26;2;706;4237
2020-04-05;2020-06-16;2020-08-26;10;707;4243
2020-04-13;2020-06-14;2020-08-08;5;708;4249
2020-04-08;2020-07-23;2020-08-28;5;709;4255
2020-04-04;2020-07-16;2020-08-10;2;710;4261
2020-04-12;2020-07-04;2020-08-05;9;711;4267
2020-04-06;2020-07-16;2020-08-23;7;712;4273
2020-04-23;2020-07-18;2020-08-10;1;713;4279
2020-04-14;2020-06-26;2020-08-20;5;714;4285
2020-04-01;2020-07-23;2020-08-09;9;715;4291
2020-04-10;2020-06-11;2020-08-07;9;716;4297
2020-04-22;2020-06-21;2020-08-17;6;717;4303
2020-04-01;2020-07-15;2020-08-03;4;718;4309
2020-04-03;2020-07-14;2020-08-29;10;719;4315
2020-04-07;2020-07-10;2020-08-05;10;720;4321
2020-04-21;2020-06-26;2020-08-16;10;721;4327
2020-04-05;2020-06-17;2020-08-08;3;722;4333
2020-04-16;2020-06-07;2020-08-11;1;723;4339
2020-04-27;2020-06-10;2020-08-15;4;724;4345
2020-04-29;2020-07-03;2020-08-09;8;725;4351
2020-04-15;2020-07-30;2020-08-18;8;726;4357
2020-04-26;2020-06-22;2020-08-23;7;727;4363
2020-04-12;2020-07-20;2020-08-09;5;728;4369
2020-04-04;2020-07-18;2020-08-04;1;729;4375
2020-04-03;2020-07-24;2020-08-16;5;730;4381
2020-04-01;2020-06-02;2020-08-09;8;731;4387
2020-04-24;2020-07-04;2020-08-18;6;732;4393
2020-04-17;2020-07-28;2020-08-24;6;733;4399
2020-04-23;2020-07-23;2020-08-05;1;734;4405
2020-04-21;2020-07-23;2020-08-06;7;735;4411
2020-04-08;2020-06-15;2020-08-05;9;736;4417
2020-04-22;2020-06-27;2020-08-07;6;737;4423
2020-04-14;2020-06-06;2020-08-18;2;738;4429
2020-04-26;2020-07-29;2020-08-29;7;739;4435
2020-04-03;2020-07-12;2020-08-10;4;740;4441
2020-04-17;2020-07-06;2020-08-06;1;741;4447
2020-04-03;2020-07-14;2020-08-04;7;742;4453
2020-04-01;2020-07-05;2020-08-07;2;743;4459
2020-04-22;2020-06-15;2020-08-20;8;744;4465
2020-04-20;2020-06-05;2020-08-28;2;745;4471
2020-04-27;2020-07-12;2020-08-16;5;746;4477
2020-04-02;2020-07-01;2020-08-12;8;747;4483
2020-04-07;2020-07-06;2020-08-13;3;748;4489
2020-04-28;2020-06-23;2020-08-22;10;749;4495
2020-04-11;2020-07-23;2020-08-23;4;750;4501
2020-04-21;2020-06-08;2020-08-17;1;751;4507
2020-04-25;2020-06-25;2020-08-25;8;752;4513
2020-04-15;2020-07-22;2020-08-04;9;753;4519
2020-04-29;2020-07-15;2020-08-10;1;754;4525
2020-04-29;2020-06-13;2020-08-08;2;755;4531
2020-04-20;2020-07-31;2020-08-14;2;756;4537
2020-04-18;2020-06-06;2020-08-20;5;757;4543
2020-04-26;2020-06-28;2020-08-22;2;758;4549
2020-04-02;2020-06-22;2020-08-09;1;759;4555
2020-04-23;2020-07-13;2020-08-25;6;760;4561
2020-04-02;2020-07-07;2020-08-29;7;761;4567
2020-04-28;2020-06-15;2020-08-26;4;762;4573
2020-04-13;2020-06-07;2020-08-14;9;763;4579
2020-04-13;2020-07-20;2020-08-23;10;764;4585
2020-04-29;2020-07-12;2020-08-17;5;765;4591
2020-04-16;2020-06-08;2020-08-09;1;766;4597
2020-04-17;2020-07-10;2020-08-22;4;767;4603
2020-04-25;2020-07-08;2020-08-23;8;768;4609
2020-04-11;2020-06-25;2020-08-06;7;769;4615
2020-04-25;2020-06-12;2020-08-22;7;770;4621
2020-04-10;2020-06-24;2020-08-25;6;771;4627
2020-04-27;2020-06-06;2020-08-21;10;772;4633
2020-04-20;2020-06-16;2020-08-03;8;773;4639
2020-04-19;2020-06-18;2020-08-11;7;774;4645
2020-04-06;2020-07-19;2020-08-11;7;775;4651
2020-04-21;2020-06-10;2020-08-19;6;776;4657
2020-04-12;2020-06-23;2020-08-06;3;777;4663
2020-04-11;2020-07-31;2020-08-15;6;778;4669
2020-04-07;2020-07-11;2020-08-29;7;779;4675
2020-04-12;2020-06-15;2020-08-14;1;780;4681
2020-04-25;2020-07-05;2020-08-08;7;781;4687
2020-04-26;2020-06-14;2020-08-11;9;782;4693
2020-04-06;2020-06-08;2020-08-28;6;783;4699
2020-04-08;2020-07-06;2020-08-13;9;784;4705
2020-04-08;2020-06-24;2020-08-19;8;785;4711
2020-04-15;2020-07-22;2020-08-09;9;786;4717
2020-04-19;2020-06-14;2020-08-09;8;787;4723
2020-04-07;2020-07-08;2020-08-21;1;788;4729
2020-04-27;2020-06-06;2020-08-23;6;789;4735
2020-04-12;2020-07-05;2020-08-18;3;790;4741
2020-04-28;2020-07-14;2020-08-17;9;791;4747
2020-05-01;2020-06-16;2020-08-11;5;792;4753
2020-04-15;2020-07-05;2020-08-21;6;793;4759
2020-04-25;2020-07-22;2020-08-23;10;794;4765
2020-04-26;2020-07-16;2020-08-14;10;795;4771
2020-04-15;2020-06-14;2020-08-22;8;796;4777
2020-04-27;2020-07-08;2020-08-11;2;797;4783
2020-04-12;2020-07-09;2020-08-18;10;798;4789
2020-04-19;2020-06-22;2020-08-11;3;799;4795
2020-04-04;2020-07-01;2020-08-20;5;800;4801
2020-04-30;2020-07-01;2020-08-27;2;801;4807
2020-04-08;2020-07-08;2020-08-23;4;802;4813
2020-04-17;2020-07-12;2020-08-26;9;803;4819
2020-04-26;2020-07-08;2020-08-21;9;804;4825
2020-04-28;2020-07-18;2020-08-06;7;805;4831
2020-04-07;2020-06-25;2020-08-26;1;806;4837
2020-04-12;2020-06-18;2020-08-14;5;807;4843
2020-04-17;2020-06-21;2020-08-24;2;808;4849
2020-04-27;2020-07-12;2020-08-06;8;809;4855
2020-04-08;2020-07-27;2020-08-10;2;810;4861
2020-04-17;2020-07-01;2020-08-11;2;811;4867
2020-04-10;2020-06-06;2020-08-21;8;812;4873
2020-04-15;2020-07-09;2020-08-23;1;813;4879
2020-04-07;2020-07-22;2020-08-17;10;814;4885
2020-04-16;2020-06-01;2020-08-27;1;815;4891
2020-04-20;2020-07-05;2020-08-22;3;816;4897
2020-04-23;2020-07-22;2020-08-13;4;817;4903
2020-04-12;2020-07-15;2020-08-19;4;818;4909
2020-04-28;2020-06-10;2020-08-12;1;819;4915
2020-04-03;2020-07-20;2020-08-21;10;820;4921
2020-04-30;2020-07-02;2020-08-17;9;821;4927
2020-04-20;2020-06-27;2020-08-15;3;822;4933
2020-04-24;2020-06-16;2020-08-16;6;823;4939
2020-04-26;2020-06-08;2020-08-07;10;824;4945
2020-04-01;2020-06-01;2020-08-24;1;825;4951
2020-04-18;2020-07-06;2020-08-19;8;826;4957
2020-04-15;2020-06-03;2020-08-10;7;827;4963
2020-04-10;2020-07-10;2020-08-04;8;828;4969
2020-04-25;2020-06-14;2020-08-23;3;829;4975
2020-04-13;2020-07-14;2020-08-20;10;830;4981
2020-04-23;2020-06-23;2020-08-22;9;831;4987
2020-04-18;2020-06-12;2020-08-22;6;832;4993
2020-04-15;2020-07-28;2020-08-10;4;833;4999
2020-04-10;2020-07-03;2020-08-18;7;834;5005
2020-04-08;2020-06-15;2020-08-03;10;835;5011
2020-04-18;2020-06-22;2020-08-13;4;836;5017
2020-04-21;2020-07-17;2020-08-13;3;837;5023
2020-04-07;2020-07-19;2020-08-11;1;838;5029
2020-04-25;2020-06-14;2020-08-25;7;839;5035
2020-04-16;2020-06-09;2020-08-18;3;840;5041
2020-04-14;2020-06-17;2020-08-16;4;841;5047
2020-04-13;2020-06-02;2020-08-07;6;842;5053
2020-04-04;2020-07-11;2020-08-14;1;843;5059
2020-04-17;2020-07-11;2020-08-15;9;844;5065
2020-04-16;2020-07-11;2020-08-09;10;845;5071
2020-04-20;2020-06-15;2020-08-06;7;846;5077
2020-04-04;2020-07-29;2020-08-03;2;847;5083
2020-04-02;2020-06-22;2020-08-10;2;848;5089
2020-04-21;2020-06-16;2020-08-24;7;849;5095
2020-04-10;2020-07-28;2020-08-10;8;850;5101
2020-04-05;2020-06-07;2020-08-17;10;851;5107
2020-04-11;2020-06-07;2020-08-06;8;852;5113
2020-04-14;2020-06-10;2020-08-14;10;853;5119
2020-04-05;2020-06-15;2020-08-28;9;854;5125
2020-04-11;2020-07-26;2020-08-09;8;855;5131
2020-04-21;2020-07-01;2020-08-10;10;856;5137
2020-04-18;2020-07-18;2020-08-03;7;857;5143
2020-04-15;2020-07-22;2020-08-28;2;858;5149
2020-04-10;2020-06-13;2020-08-27;3;859;5155
2020-04-30;2020-06-14;2020-08-09;10;860;5161
2020-04-28;2020-07-23;2020-08-06;4;861;5167
2020-04-18;2020-07-25;2020-08-29;3;862;5173
2020-04-09;2020-06-18;2020-08-22;10;863;5179
2020-04-28;2020-06-19;2020-08-10;3;864;5185
2020-04-08;2020-07-07;2020-08-21;6;865;5191
2020-04-20;2020-06-17;2020-08-20;9;866;5197
2020-05-01;2020-06-04;2020-08-22;8;867;5203
2020-04-15;2020-06-05;2020-08-25;6;868;5209
2020-04-25;2020-06-19;2020-08-25;3;869;5215
2020-04-21;2020-07-12;2020-08-20;1;870;5221
2020-04-09;2020-06-19;2020-08-11;8;871;5227
2020-04-11;2020-07-26;2020-08-28;5;872;5233
2020-04-08;2020-06-18;2020-08-11;2;873;5239
2020-04-22;2020-06-05;2020-08-26;2;874;5245
2020-04-18;2020-06-03;2020-08-26;3;875;5251
2020-04-26;2020-07-01;2020-08-14;4;876;5257
2020-04-21;2020-07-29;2020-08-13;6;877;5263
2020-04-14;2020-07-08;2020-08-20;10;878;5269
2020-04-15;2020-07-03;2020-08-08;8;879;5275
2020-04-13;2020-06-21;2020-08-08;7;880;5281
2020-04-09;2020-07-29;2020-08-27;6;881;5287
2020-04-15;2020-06-29;2020-08-03;5;882;5293
2020-04-23;2020-06-22;2020-08-23;9;883;5299
2020-04-09;2020-06-14;2020-08-07;9;884;5305
2020-04-28;2020-07-31;2020-08-24;2;885;5311
2020-04-16;2020-07-04;2020-08-18;3;886;5317
2020-04-04;2020-06-09;2020-08-30;1;887;5323
2020-04-19;2020-06-23;2020-08-05;3;888;5329
2020-04-08;2020-07-08;2020-08-22;5;889;5335
2020-04-24;2020-06-29;2020-08-13;9;890;5341
2020-04-05;2020-06-24;2020-08-26;5;891;5347
2020-04-30;2020-06-23;2020-08-22;10;892;5353
2020-04-19;2020-07-12;2020-08-08;9;893;5359
2020-04-26;2020-07-09;2020-08-22;6;894;5365
2020-04-06;2020-06-02;2020-08-25;6;895;5371
2020-04-24;2020-06-10;2020-08-23;1;896;5377
2020-04-27;2020-06-30;2020-08-08;9;897;5383
2020-04-01;2020-07-28;2020-08-09;10;898;5389
2020-04-08;2020-07-26;2020-08-21;7;899;5395
2020-04-10;2020-06-24;2020-08-11;10;900;5401
2020-04-03;2020-06-26;2020-08-26;9;901;5407
2020-04-22;2020-07-10;2020-08-26;3;902;5413
2020-04-20;2020-07-15;2020-08-12;8;903;5419
2020-04-29;2020-06-18;2020-08-04;6;904;5425
2020-04-06;2020-06-20;2020-08-12;8;905;5431
2020-04-06;2020-06-04;2020-08-08;8;906;5437
2020-04-27;2020-06-13;2020-08-28;4;907;5443
2020-04-20;2020-06-01;2020-08-22;3;908;5449
2020-04-17;2020-06-06;2020-08-26;3;909;5455
2020-04-03;2020-06-05;2020-08-28;5;910;5461
2020-04-07;2020-06-21;2020-08-15;1;911;5467
2020-04-16;2020-06-05;2020-08-23;7;912;5473
2020-04-24;2020-07-28;2020-08-29;4;913;5479
2020-04-07;2020-06-28;2020-08-22;9;914;5485
2020-04-28;2020-07-16;2020-08-29;1;915;5491
2020-04-07;2020-07-03;2020-08-10;7;916;5497
2020-04-23;2020-06-23;2020-08-21;5;917;5503
2020-04-08;2020-07-10;2020-08-25;4;918;5509
2020-04-20;2020-07-06;2020-08-21;2;919;5515
2020-04-09;2020-06-04;2020-08-03;4;920;5521
2020-04-24;2020-06-06;2020-08-20;5;921;5527
2020-04-22;2020-06-28;2020-08-25;9;922;5533
2020-04-24;2020-07-23;2020-08-25;7;923;5539
2020-04-27;2020-07-09;2020-08-26;4;924;5545
2020-04-20;2020-06-25;2020-08-27;5;925;5551
2020-04-24;2020-07-07;2020-08-16;9;926;5557
2020-04-17;2020-06-15;2020-08-22;10;927;5563
2020-04-28;2020-06-23;2020-08-17;6;928;5569
2020-04-27;2020-06-30;2020-08-13;6;929;5575
2020-04-16;2020-07-02;2020-08-25;8;930;5581
2020-04-30;2020-06-19;2020-08-30;10;931;5587
2020-04-02;2020-06-25;2020-08-22;6;932;5593
2020-04-23;2020-07-27;2020-08-19;3;933;5599
2020-04-04;2020-07-13;2020-08-22;10;934;5605
2020-04-14;2020-06-03;2020-08-24;4;935;5611
2020-04-05;2020-06-29;2020-08-27;9;936;5617
2020-04-27;2020-06-08;2020-08-07;3;937;5623
2020-04-10;2020-07-24;2020-08-11;7;938;5629
2020-04-18;2020-06-10;2020-08-28;10;939;5635
2020-04-26;2020-07-30;2020-08-13;5;940;5641
2020-04-08;2020-06-22;2020-08-07;5;941;5647
2020-04-27;2020-07-11;2020-08-19;7;942;5653
2020-04-09;2020-07-13;2020-08-13;5;943;5659
2020-04-16;2020-06-07;2020-08-17;10;944;5665
2020-04-07;2020-07-16;2020-08-09;5;945;5671
2020-04-27;2020-07-09;2020-08-17;4;946;5677
2020-04-18;2020-07-10;2020-08-28;1;947;5683
2020-04-24;2020-07-06;2020-08-06;1;948;5689
2020-04-05;2020-06-02;2020-08-20;6;949;5695
2020-04-01;2020-06-23;2020-08-25;8;950;5701
2020-04-01;2020-06-04;2020-08-13;2;951;5707
2020-04-20;2020-06-21;2020-08-19;4;952;5713
2020-04-12;2020-07-09;2020-08-09;7;953;5719
2020-04-07;2020-07-23;2020-08-21;9;954;5725
2020-04-19;2020-07-12;2020-08-19;7;955;5731
2020-04-16;2020-07-04;2020-08-13;4;956;5737
2020-04-18;2020-06-13;2020-08-11;7;957;5743
2020-04-21;2020-07-31;2020-08-23;4;958;5749
2020-04-23;2020-06-03;2020-08-24;10;959;5755
2020-04-13;2020-07-20;2020-08-09;5;960;5761
2020-04-22;2020-07-29;2020-08-04;10;961;5767
2020-04-25;2020-07-14;2020-08-28;5;962;5773
2020-04-07;2020-07-25;2020-08-24;8;963;5779
2020-04-29;2020-06-21;2020-08-03;4;964;5785
2020-04-08;2020-06-12;2020-08-21;3;965;5791
2020-04-30;2020-06-10;2020-08-07;2;966;5797
2020-04-21;2020-07-04;2020-08-22;9;967;5803
2020-04-04;2020-06-04;2020-08-17;8;968;5809
2020-04-06;2020-06-02;2020-08-20;5;969;5815
2020-04-09;2020-07-23;2020-08-13;7;970;5821
2020-04-26;2020-07-23;2020-08-05;8;971;5827
2020-04-08;2020-06-13;2020-08-03;2;972;5833
2020-04-12;2020-07-10;2020-08-21;10;973;5839
2020-04-09;2020-06-24;2020-08-13;3;974;5845
2020-04-14;2020-07-20;2020-08-22;2;975;5851
2020-04-19;2020-06-15;2020-08-28;5;976;5857
2020-04-30;2020-06-29;2020-08-21;6;977;5863
2020-04-22;2020-07-26;2020-08-10;6;978;5869
2020-04-17;2020-06-01;2020-08-20;7;979;5875
2020-04-04;2020-06-15;2020-08-28;4;980;5881
2020-04-01;2020-06-29;2020-08-18;2;981;5887
2020-04-28;2020-06-05;2020-08-24;6;982;5893
2020-04-03;2020-07-31;2020-08-16;3;983;5899
2020-04-30;2020-07-13;2020-08-09;3;984;5905
2020-04-05;2020-06-08;2020-08-13;10;985;5911
2020-04-17;2020-07-05;2020-08-07;5;986;5917
2020-04-14;2020-07-03;2020-08-22;8;987;5923
2020-04-10;2020-06-02;2020-08-29;9;988;5929
2020-04-30;2020-07-05;2020-08-03;5;989;5935
2020-04-19;2020-06-10;2020-08-11;1;990;5941
2020-04-25;2020-07-31;2020-08-17;6;991;5947
2020-04-05;2020-06-15;2020-08-08;5;992;5953
2020-04-07;2020-07-29;2020-08-26;7;993;5959
2020-04-26;2020-06-29;2020-08-26;8;994;5965
2020-04-20;2020-06-13;2020-08-10;3;995;5971
2020-04-25;2020-06-20;2020-08-13;8;996;5977
2020-04-15;2020-07-01;2020-08-22;5;997;5983
2020-04-20;2020-06-10;2020-08-08;8;998;5989
2020-04-09;2020-06-23;2020-08-14;5;999;5995
2020-04-22;2020-06-09;2020-08-19;9;1000;6001
2020-04-09;2020-07-11;2020-08-04;8;1001;6007
2020-04-24;2020-07-26;2020-08-21;3;1002;6013
2020-04-22;2020-06-06;2020-08-14;5;1003;6019
2020-04-01;2020-06-18;2020-08-19;1;1004;6025
2020-04-28;2020-06-14;2020-08-22;6;1005;6031
2020-04-30;2020-06-30;2020-08-13;6;1006;6037
2020-04-02;2020-07-18;2020-08-08;1;1007;6043
2020-04-04;2020-07-03;2020-08-23;7;1008;6049
2020-04-20;2020-07-15;2020-08-16;6;1009;6055
2020-04-14;2020-07-02;2020-08-11;1;1010;6061
2020-04-25;2020-07-22;2020-08-24;4;1011;6067
2020-04-14;2020-07-25;2020-08-19;2;1012;6073
2020-04-30;2020-06-22;2020-08-23;9;1013;6079
2020-04-28;2020-06-25;2020-08-14;5;1014;6085
2020-04-12;2020-06-21;2020-08-08;2;1015;6091
2020-04-22;2020-07-15;2020-08-06;2;1016;6097
2020-04-23;2020-07-27;2020-08-06;1;1017;6103
2020-04-26;2020-07-28;2020-08-08;3;1018;6109
2020-04-30;2020-06-23;2020-08-14;8;1019;6115
2020-04-17;2020-07-11;2020-08-27;9;1020;6121
2020-04-09;2020-06-09;2020-08-22;2;1021;6127
2020-04-16;2020-07-27;2020-08-09;2;1022;6133
2020-04-27;2020-07-31;2020-08-09;1;1023;6139
2020-04-27;2020-07-27;2020-08-25;3;1024;6145
2020-04-08;2020-06-23;2020-08-26;9;1025;6151
2020-04-14;2020-06-01;2020-08-05;3;1026;6157
2020-04-22;2020-06-25;2020-08-26;7;1027;6163
2020-04-22;2020-07-07;2020-08-29;4;1028;6169
2020-04-05;2020-06-24;2020-08-24;1;1029;6175
2020-04-17;2020-06-13;2020-08-30;1;1030;6181
2020-04-25;2020-07-26;2020-08-21;7;1031;6187
2020-04-26;2020-07-20;2020-08-29;1;1032;6193
2020-04-20;2020-06-10;2020-08-23;1;1033;6199
2020-04-19;2020-06-20;2020-08-08;3;1034;6205
2020-04-17;2020-06-27;2020-08-25;2;1035;6211
2020-04-09;2020-06-30;2020-08-17;7;1036;6217
2020-04-26;2020-07-02;2020-08-27;3;1037;6223
2020-04-02;2020-06-11;2020-08-28;4;1038;6229
2020-04-05;2020-07-08;2020-08-09;9;1039;6235
2020-04-25;2020-07-23;2020-08-17;9;1040;6241
2020-04-29;2020-06-30;2020-08-12;10;1041;6247
2020-04-25;2020-07-07;2020-08-27;7;1042;6253
2020-04-10;2020-07-26;2020-08-14;9;1043;6259
2020-04-12;2020-07-23;2020-08-29;1;1044;6265
2020-04-23;2020-07-07;2020-08-04;8;1045;6271
2020-04-28;2020-07-09;2020-08-25;2;1046;6277
2020-04-16;2020-07-30;2020-08-25;3;1047;6283
2020-04-19;2020-06-08;2020-08-17;10;1048;6289
2020-04-20;2020-07-07;2020-08-21;5;1049;6295
2020-04-02;2020-07-21;2020-08-09;2;1050;6301
2020-04-28;2020-06-20;2020-08-11;3;1051;6307
2020-04-25;2020-06-05;2020-08-19;5;1052;6313
2020-04-08;2020-07-23;2020-08-14;2;1053;6319
2020-04-10;2020-06-27;2020-08-04;10;1054;6325
2020-04-14;2020-06-25;2020-08-23;6;1055;6331
2020-04-11;2020-07-01;2020-08-21;9;1056;6337
2020-04-02;2020-06-10;2020-08-16;8;1057;6343
2020-04-22;2020-06-30;2020-08-25;6;1058;6349
2020-04-15;2020-07-12;2020-08-07;10;1059;6355
2020-04-30;2020-06-26;2020-08-11;1;1060;6361
2020-04-25;2020-07-17;2020-08-22;7;1061;6367
2020-04-28;2020-06-06;2020-08-06;5;1062;6373
2020-04-30;2020-07-29;2020-08-12;9;1063;6379
2020-04-19;2020-06-12;2020-08-05;7;1064;6385
2020-04-23;2020-06-16;2020-08-25;5;1065;6391
2020-04-17;2020-07-29;2020-08-26;5;1066;6397
2020-04-24;2020-07-18;2020-08-20;5;1067;6403
2020-04-16;2020-06-04;2020-08-06;9;1068;6409
2020-04-23;2020-07-17;2020-08-23;2;1069;6415
2020-04-28;2020-07-28;2020-08-22;4;1070;6421
2020-04-22;2020-07-25;2020-08-04;1;1071;6427
2020-04-13;2020-06-01;2020-08-03;7;1072;6433
2020-04-10;2020-07-04;2020-08-28;4;1073;6439
2020-04-26;2020-06-27;2020-08-27;10;1074;6445
2020-04-08;2020-06-19;2020-08-07;10;1075;6451
2020-04-22;2020-06-07;2020-08-13;7;1076;6457
2020-04-10;2020-06-30;2020-08-05;2;1077;6463
2020-04-18;2020-07-18;2020-08-11;3;1078;6469
2020-04-15;2020-06-25;2020-08-13;7;1079;6475
2020-04-07;2020-07-14;2020-08-27;4;1080;6481
2020-04-10;2020-07-31;2020-08-14;5;1081;6487
2020-04-09;2020-07-09;2020-08-05;8;1082;6493
2020-04-04;2020-06-26;2020-08-21;8;1083;6499
2020-04-11;2020-06-25;2020-08-15;5;1084;6505
2020-04-03;2020-07-18;2020-08-22;7;1085;6511
2020-04-20;2020-06-03;2020-08-06;2;1086;6517
2020-04-06;2020-07-30;2020-08-16;7;1087;6523
2020-04-10;2020-06-12;2020-08-29;4;1088;6529
2020-04-18;2020-06-08;2020-08-23;2;1089;6535
2020-04-26;2020-07-15;2020-08-13;6;1090;6541
2020-04-11;2020-06-01;2020-08-29;4;1091;6547
2020-04-01;2020-07-21;2020-08-26;5;1092;6553
2020-04-23;2020-06-30;2020-08-20;8;1093;6559
2020-04-29;2020-07-19;2020-08-03;7;1094;6565
2020-04-25;2020-07-12;2020-08-05;8;1095;6571
2020-04-11;2020-07-01;2020-08-07;4;1096;6577
2020-04-03;2020-07-29;2020-08-13;6;1097;6583
2020-04-16;2020-06-03;2020-08-28;3;1098;6589
2020-04-05;2020-07-23;2020-08-07;1;1099;6595
2020-04-21;2020-07-21;2020-08-06;8;1100;6601
2020-04-23;2020-07-17;2020-08-11;6;1101;6607
2020-04-09;2020-07-10;2020-08-28;8;1102;6613
2020-04-27;2020-06-03;2020-08-23;2;1103;6619
2020-04-23;2020-07-20;2020-08-25;5;1104;6625
2020-04-12;2020-06-27;2020-08-12;9;1105;6631
2020-04-15;2020-07-08;2020-08-17;5;1106;6637
2020-04-03;2020-07-30;2020-08-25;9;1107;6643
2020-04-16;2020-07-08;2020-08-23;3;1108;6649
2020-04-15;2020-06-21;2020-08-06;4;1109;6655
2020-04-03;2020-07-07;2020-08-29;1;1110;6661
2020-04-11;2020-06-25;2020-08-26;2;1111;6667
2020-04-04;2020-06-15;2020-08-19;5;1112;6673
2020-04-11;2020-07-19;2020-08-14;1;1113;6679
2020-04-12;2020-07-06;2020-08-07;7;1114;6685
2020-04-19;2020-07-02;2020-08-06;6;1115;6691
2020-04-04;2020-07-21;2020-08-26;5;1116;6697
2020-04-07;2020-07-24;2020-08-29;7;1117;6703
2020-04-13;2020-07-15;2020-08-09;8;1118;6709
2020-04-17;2020-06-30;2020-08-29;8;1119;6715
2020-04-22;2020-06-10;2020-08-27;9;1120;6721
2020-04-20;2020-06-17;2020-08-05;10;1121;6727
2020-04-17;2020-06-19;2020-08-12;1;1122;6733
2020-04-20;2020-07-08;2020-08-28;10;1123;6739
2020-04-28;2020-07-07;2020-08-28;3;1124;6745
2020-04-26;2020-07-21;2020-08-26;7;1125;6751
2020-04-13;2020-07-27;2020-08-18;3;1126;6757
2020-04-11;2020-06-20;2020-08-16;5;1127;6763
2020-04-26;2020-06-06;2020-08-05;5;1128;6769
2020-04-14;2020-07-27;2020-08-07;3;1129;6775
2020-04-13;2020-07-24;2020-08-13;2;1130;6781
2020-04-20;2020-06-20;2020-08-23;3;1131;6787
2020-04-17;2020-07-17;2020-08-29;2;1132;6793
2020-04-09;2020-07-07;2020-08-11;2;1133;6799
2020-04-20;2020-07-05;2020-08-13;10;1134;6805
2020-04-01;2020-06-15;2020-08-25;7;1135;6811
2020-04-02;2020-06-29;2020-08-15;7;1136;6817
2020-04-17;2020-06-23;2020-08-07;3;1137;6823
2020-04-29;2020-07-07;2020-08-04;4;1138;6829
2020-04-10;2020-07-19;2020-08-17;2;1139;6835
2020-04-14;2020-07-26;2020-08-15;5;1140;6841
2020-04-28;2020-07-21;2020-08-05;9;1141;6847
2020-04-18;2020-06-08;2020-08-23;4;1142;6853
2020-04-27;2020-06-26;2020-08-08;10;1143;6859
2020-04-07;2020-06-02;2020-08-15;9;1144;6865
2020-04-07;2020-06-21;2020-08-10;2;1145;6871
2020-04-07;2020-07-31;2020-08-16;4;1146;6877
2020-04-14;2020-06-01;2020-08-12;10;1147;6883
2020-04-11;2020-06-11;2020-08-15;10;1148;6889
2020-04-11;2020-06-20;2020-08-28;1;1149;6895
2020-04-30;2020-07-31;2020-08-16;4;1150;6901
2020-04-19;2020-07-15;2020-08-14;10;1151;6907
2020-04-11;2020-06-04;2020-08-04;1;1152;6913
2020-04-06;2020-06-16;2020-08-17;1;1153;6919
2020-04-25;2020-06-28;2020-08-23;10;1154;6925
2020-04-25;2020-07-27;2020-08-12;4;1155;6931
2020-04-09;2020-07-26;2020-08-19;7;1156;6937
2020-04-05;2020-07-12;2020-08-22;6;1157;6943
2020-04-17;2020-06-24;2020-08-29;3;1158;6949
2020-04-15;2020-07-28;2020-08-06;4;1159;6955
2020-04-19;2020-06-07;2020-08-03;5;1160;6961
2020-04-11;2020-07-06;2020-08-13;2;1161;6967
2020-04-09;2020-06-23;2020-08-23;4;1162;6973
2020-04-29;2020-07-06;2020-08-17;6;1163;6979
2020-04-28;2020-06-03;2020-08-17;1;1164;6985
2020-04-25;2020-06-25;2020-08-04;2;1165;6991
2020-04-29;2020-06-01;2020-08-13;3;1166;6997
2020-04-01;2020-06-18;2020-08-26;10;1167;7003
2020-04-08;2020-06-22;2020-08-07;1;1168;7009
2020-04-14;2020-06-07;2020-08-27;2;1169;7015
2020-04-12;2020-06-12;2020-08-17;6;1170;7021
2020-04-03;2020-07-31;2020-08-27;2;1171;7027
2020-04-30;2020-07-23;2020-08-14;5;1172;7033
2020-04-09;2020-07-16;2020-08-19;3;1173;7039
2020-04-13;2020-08-01;2020-08-06;10;1174;7045
2020-04-26;2020-06-09;2020-08-12;9;1175;7051
2020-04-06;2020-07-18;2020-08-06;1;1176;7057
2020-04-02;2020-06-18;2020-08-11;3;1177;7063
2020-04-03;2020-06-10;2020-08-26;6;1178;7069
2020-04-08;2020-06-24;2020-08-20;1;1179;7075
2020-04-04;2020-06-09;2020-08-16;1;1180;7081
2020-04-01;2020-07-28;2020-08-15;9;1181;7087
2020-04-23;2020-07-14;2020-08-09;8;1182;7093
2020-04-07;2020-06-27;2020-08-12;9;1183;7099
2020-04-06;2020-06-13;2020-08-24;2;1184;7105
2020-04-29;2020-06-27;2020-08-22;1;1185;7111
2020-04-15;2020-06-28;2020-08-10;3;1186;7117
2020-04-24;2020-07-06;2020-08-17;6;1187;7123
2020-04-01;2020-06-04;2020-08-08;10;1188;7129
2020-04-03;2020-06-08;2020-08-03;8;1189;7135
2020-04-24;2020-07-10;2020-08-16;7;1190;7141
2020-04-24;2020-06-18;2020-08-15;2;1191;7147
2020-04-09;2020-07-01;2020-08-05;3;1192;7153
2020-04-14;2020-06-24;2020-08-21;4;1193;7159
2020-04-29;2020-06-07;2020-08-12;3;1194;7165
2020-04-05;2020-06-21;2020-08-21;1;1195;7171
2020-04-02;2020-06-27;2020-08-21;7;1196;7177
2020-04-16;2020-07-10;2020-08-08;5;1197;7183
2020-04-02;2020-06-02;2020-08-16;1;1198;7189
2020-04-14;2020-06-21;2020-08-15;5;1199;7195
2020-04-14;2020-07-19;2020-08-14;10;1200;7201
2020-04-18;2020-07-16;2020-08-08;2;1201;7207
2020-04-22;2020-07-19;2020-08-12;6;1202;7213
2020-04-03;2020-06-14;2020-08-25;4;1203;7219
2020-04-02;2020-07-16;2020-08-24;5;1204;7225
2020-04-20;2020-06-03;2020-08-07;4;1205;7231
2020-04-30;2020-07-15;2020-08-27;9;1206;7237
2020-04-07;2020-06-11;2020-08-20;9;1207;7243
2020-04-05;2020-07-03;2020-08-10;9;1208;7249
2020-04-12;2020-06-24;2020-08-27;6;1209;7255
2020-04-15;2020-06-13;2020-08-03;9;1210;7261
2020-04-29;2020-07-16;2020-08-11;9;1211;7267
2020-04-16;2020-06-12;2020-08-12;10;1212;7273
2020-04-18;2020-07-18;2020-08-27;5;1213;7279
2020-04-07;2020-06-23;2020-08-27;8;1214;7285
2020-04-02;2020-06-27;2020-08-23;3;1215;7291
2020-04-07;2020-07-05;2020-08-15;8;1216;7297
2020-04-20;2020-07-16;2020-08-27;2;1217;7303
2020-04-27;2020-07-08;2020-08-18;10;1218;7309
2020-04-11;2020-06-27;2020-08-08;8;1219;7315
2020-04-30;2020-07-07;2020-08-19;1;1220;7321
2020-04-01;2020-07-17;2020-08-19;8;1221;7327
2020-04-20;2020-07-12;2020-08-20;7;1222;7333
2020-04-02;2020-07-01;2020-08-14;9;1223;7339
2020-04-05;2020-06-21;2020-08-27;3;1224;7345
2020-04-12;2020-06-14;2020-08-21;5;1225;7351
2020-04-06;2020-06-04;2020-08-10;8;1226;7357
2020-04-08;2020-06-03;2020-08-23;5;1227;7363
2020-04-08;2020-06-08;2020-08-18;5;1228;7369
2020-04-02;2020-06-17;2020-08-03;7;1229;7375
2020-04-12;2020-07-12;2020-08-27;8;1230;7381
2020-04-05;2020-06-17;2020-08-12;8;1231;7387
2020-04-21;2020-06-29;2020-08-27;10;1232;7393
2020-04-23;2020-06-10;2020-08-11;2;1233;7399
2020-04-02;2020-07-09;2020-08-29;4;1234;7405
2020-04-18;2020-07-30;2020-08-10;6;1235;7411
2020-04-25;2020-06-03;2020-08-10;10;1236;7417
2020-04-02;2020-06-28;2020-08-26;10;1237;7423
2020-04-10;2020-07-25;2020-08-19;4;1238;7429
2020-04-16;2020-06-02;2020-08-09;10;1239;7435
2020-04-12;2020-07-11;2020-08-07;4;1240;7441
2020-04-04;2020-06-24;2020-08-17;1;1241;7447
2020-04-12;2020-06-12;2020-08-11;10;1242;7453
2020-04-12;2020-06-07;2020-08-17;4;1243;7459
2020-04-20;2020-06-05;2020-08-09;5;1244;7465
2020-04-29;2020-06-29;2020-08-22;8;1245;7471
2020-04-11;2020-06-19;2020-08-30;10;1246;7477
2020-04-14;2020-07-16;2020-08-05;6;1247;7483
2020-04-13;2020-07-14;2020-08-24;10;1248;7489
2020-04-21;2020-07-10;2020-08-12;1;1249;7495
2020-04-09;2020-07-19;2020-08-14;10;1250;7501
2020-04-04;2020-07-24;2020-08-21;8;1251;7507
2020-04-15;2020-07-16;2020-08-29;8;1252;7513
2020-04-03;2020-07-04;2020-08-27;3;1253;7519
2020-04-10;2020-07-03;2020-08-20;6;1254;7525
2020-04-16;2020-07-12;2020-08-06;2;1255;7531
2020-04-28;2020-06-20;2020-08-26;4;1256;7537
2020-04-15;2020-07-13;2020-08-05;2;1257;7543
2020-04-22;2020-07-19;2020-08-21;3;1258;7549
2020-04-09;2020-06-28;2020-08-09;3;1259;7555
2020-04-05;2020-06-13;2020-08-24;4;1260;7561
2020-04-18;2020-06-15;2020-08-18;7;1261;7567
2020-04-04;2020-07-04;2020-08-03;2;1262;7573
2020-04-28;2020-06-22;2020-08-13;8;1263;7579
2020-04-03;2020-06-27;2020-08-16;6;1264;7585
2020-04-16;2020-06-25;2020-08-05;8;1265;7591
2020-04-16;2020-06-13;2020-08-20;2;1266;7597
2020-04-21;2020-06-29;2020-08-18;7;1267;7603
2020-04-26;2020-06-01;2020-08-18;3;1268;7609
2020-04-21;2020-06-04;2020-08-15;5;1269;7615
2020-04-04;2020-07-17;2020-08-21;9;1270;7621
2020-04-12;2020-06-07;2020-08-07;6;1271;7627
2020-04-09;2020-06-10;2020-08-23;10;1272;7633
2020-04-15;2020-07-18;2020-08-28;2;1273;7639
2020-04-01;2020-07-15;2020-08-11;3;1274;7645
2020-04-13;2020-07-18;2020-08-12;6;1275;7651
2020-04-17;2020-06-08;2020-08-08;6;1276;7657
2020-04-11;2020-07-05;2020-08-22;4;1277;7663
2020-04-23;2020-07-29;2020-08-04;10;1278;7669
2020-04-19;2020-06-19;2020-08-25;2;1279;7675
2020-04-23;2020-06-10;2020-08-08;1;1280;7681
2020-04-21;2020-07-23;2020-08-08;5;1281;7687
2020-04-07;2020-07-12;2020-08-13;3;1282;7693
2020-04-10;2020-06-21;2020-08-21;10;1283;7699
2020-04-19;2020-07-05;2020-08-16;10;1284;7705
2020-04-17;2020-06-19;2020-08-16;3;1285;7711
2020-04-22;2020-07-10;2020-08-08;3;1286;7717
2020-04-02;2020-06-04;2020-08-05;7;1287;7723
2020-04-07;2020-07-19;2020-08-25;5;1288;7729
2020-04-09;2020-06-16;2020-08-17;2;1289;7735
2020-04-16;2020-07-02;2020-08-14;2;1290;7741
2020-04-01;2020-06-06;2020-08-11;3;1291;7747
2020-04-10;2020-07-04;2020-08-23;1;1292;7753
2020-04-08;2020-07-05;2020-08-24;4;1293;7759
2020-04-15;2020-06-22;2020-08-11;7;1294;7765
2020-04-27;2020-06-27;2020-08-19;7;1295;7771
2020-04-02;2020-07-11;2020-08-21;4;1296;7777
2020-04-12;2020-06-20;2020-08-24;4;1297;7783
2020-04-27;2020-07-28;2020-08-05;5;1298;7789
2020-04-21;2020-06-11;2020-08-04;8;1299;7795
2020-04-23;2020-06-04;2020-08-18;7;1300;7801
2020-04-02;2020-06-29;2020-08-06;6;1301;7807
2020-04-25;2020-07-06;2020-08-23;9;1302;7813
2020-04-04;2020-06-02;2020-08-08;7;1303;7819
2020-04-04;2020-06-06;2020-08-05;10;1304;7825
2020-04-22;2020-06-18;2020-08-28;2;1305;7831
2020-04-10;2020-07-08;2020-08-15;2;1306;7837
2020-04-04;2020-07-24;2020-08-27;7;1307;7843
2020-04-12;2020-07-12;2020-08-21;6;1308;7849
2020-04-13;2020-07-04;2020-08-06;3;1309;7855
2020-04-04;2020-06-15;2020-08-20;9;1310;7861
2020-04-13;2020-06-18;2020-08-20;8;1311;7867
2020-04-25;2020-07-15;2020-08-03;6;1312;7873
2020-04-03;2020-07-25;2020-08-11;10;1313;7879
2020-04-20;2020-06-30;2020-08-22;10;1314;7885
2020-04-26;2020-06-27;2020-08-16;5;1315;7891
2020-04-03;2020-06-10;2020-08-10;5;1316;7897
2020-04-07;2020-06-14;2020-08-24;4;1317;7903
2020-04-19;2020-06-08;2020-08-06;5;1318;7909
2020-04-05;2020-07-11;2020-08-24;3;1319;7915
2020-04-28;2020-06-08;2020-08-06;2;1320;7921
2020-04-14;2020-06-05;2020-08-18;9;1321;7927
2020-04-14;2020-07-31;2020-08-22;10;1322;7933
2020-04-13;2020-06-05;2020-08-16;7;1323;7939
2020-04-24;2020-07-12;2020-08-21;10;1324;7945
2020-04-04;2020-07-09;2020-08-19;9;1325;7951
2020-04-10;2020-07-19;2020-08-10;7;1326;7957
2020-04-28;2020-07-26;2020-08-17;7;1327;7963
2020-04-23;2020-07-27;2020-08-20;8;1328;7969
2020-04-24;2020-07-18;2020-08-16;8;1329;7975
2020-04-25;2020-07-01;2020-08-28;10;1330;7981
2020-04-26;2020-06-27;2020-08-04;5;1331;7987
2020-04-14;2020-07-08;2020-08-23;1;1332;7993
2020-04-02;2020-07-30;2020-08-15;1;1333;7999
2020-04-29;2020-07-19;2020-08-10;1;1334;8005
2020-04-10;2020-06-14;2020-08-27;8;1335;8011
2020-04-27;2020-06-24;2020-08-14;8;1336;8017
2020-04-02;2020-07-15;2020-08-04;9;1337;8023
2020-04-12;2020-06-11;2020-08-21;9;1338;8029
2020-04-24;2020-07-09;2020-08-26;3;1339;8035
2020-04-07;2020-06-12;2020-08-07;2;1340;8041
2020-04-07;2020-06-22;2020-08-28;1;1341;8047
2020-04-14;2020-07-27;2020-08-11;1;1342;8053
2020-04-24;2020-06-24;2020-08-17;8;1343;8059
2020-04-22;2020-07-28;2020-08-20;9;1344;8065
2020-04-17;2020-07-30;2020-08-27;10;1345;8071
2020-04-01;2020-06-12;2020-08-25;8;1346;8077
2020-04-04;2020-06-08;2020-08-14;10;1347;8083
2020-04-05;2020-07-04;2020-08-15;10;1348;8089
2020-04-10;2020-07-18;2020-08-24;4;1349;8095
2020-04-30;2020-06-21;2020-08-27;1;1350;8101
2020-04-21;2020-06-06;2020-08-21;8;1351;8107
2020-04-29;2020-07-10;2020-08-21;8;1352;8113
2020-04-15;2020-07-24;2020-08-05;7;1353;8119
2020-04-24;2020-06-25;2020-08-08;2;1354;8125
2020-04-17;2020-07-11;2020-08-03;10;1355;8131
2020-04-19;2020-07-13;2020-08-26;9;1356;8137
2020-04-26;2020-07-26;2020-08-21;4;1357;8143
2020-04-08;2020-07-11;2020-08-11;6;1358;8149
2020-04-21;2020-07-30;2020-08-14;9;1359;8155
2020-04-10;2020-07-20;2020-08-14;9;1360;8161
2020-04-18;2020-07-12;2020-08-21;3;1361;8167
2020-04-01;2020-06-21;2020-08-12;2;1362;8173
2020-04-29;2020-07-08;2020-08-06;4;1363;8179
2020-04-08;2020-07-25;2020-08-18;3;1364;8185
2020-04-13;2020-06-17;2020-08-17;2;1365;8191
2020-04-13;2020-07-05;2020-08-21;3;1366;8197
2020-04-07;2020-07-12;2020-08-18;5;1367;8203
2020-04-14;2020-06-21;2020-08-14;3;1368;8209
2020-04-02;2020-07-29;2020-08-13;4;1369;8215
2020-04-08;2020-07-18;2020-08-09;10;1370;8221
2020-04-01;2020-06-07;2020-08-04;4;1371;8227
2020-04-09;2020-06-08;2020-08-26;4;1372;8233
2020-04-10;2020-07-13;2020-08-11;7;1373;8239
2020-04-22;2020-06-24;2020-08-24;1;1374;8245
2020-04-04;2020-06-09;2020-08-06;3;1375;8251
2020-04-24;2020-07-18;2020-08-26;7;1376;8257
2020-04-12;2020-06-09;2020-08-23;8;1377;8263
2020-04-29;2020-06-12;2020-08-16;2;1378;8269
2020-04-05;2020-07-19;2020-08-15;1;1379;8275
2020-04-30;2020-06-12;2020-08-26;1;1380;8281
2020-04-23;2020-07-01;2020-08-06;8;1381;8287
2020-04-13;2020-06-10;2020-08-09;7;1382;8293
2020-04-17;2020-06-03;2020-08-03;6;1383;8299
2020-04-27;2020-06-16;2020-08-24;9;1384;8305
2020-04-17;2020-06-26;2020-08-13;5;1385;8311
2020-04-26;2020-06-18;2020-08-18;1;1386;8317
2020-04-30;2020-07-06;2020-08-14;5;1387;8323
2020-04-08;2020-07-03;2020-08-14;5;1388;8329
2020-04-08;2020-07-10;2020-08-27;6;1389;8335
2020-04-24;2020-07-08;2020-08-08;1;1390;8341
2020-04-12;2020-07-17;2020-08-08;5;1391;8347
2020-04-22;2020-06-06;2020-08-16;5;1392;8353
2020-04-07;2020-07-17;2020-08-04;4;1393;8359
2020-04-03;2020-07-31;2020-08-20;2;1394;8365
2020-04-27;2020-06-29;2020-08-03;8;1395;8371
2020-04-20;2020-06-25;2020-08-28;5;1396;8377
2020-04-19;2020-07-16;2020-08-29;10;1397;8383
2020-04-10;2020-08-01;2020-08-18;3;1398;8389
2020-04-19;2020-06-23;2020-08-06;10;1399;8395
2020-04-17;2020-07-18;2020-08-18;10;1400;8401
2020-04-26;2020-07-31;2020-08-07;4;1401;8407
2020-04-04;2020-06-06;2020-08-13;4;1402;8413
2020-04-20;2020-07-21;2020-08-10;9;1403;8419
2020-04-22;2020-06-07;2020-08-22;3;1404;8425
2020-04-04;2020-07-22;2020-08-28;4;1405;8431
2020-04-15;2020-07-15;2020-08-08;5;1406;8437
2020-04-13;2020-06-06;2020-08-14;7;1407;8443
2020-04-06;2020-06-25;2020-08-26;4;1408;8449
2020-04-09;2020-06-06;2020-08-06;1;1409;8455
2020-04-28;2020-07-26;2020-08-07;9;1410;8461
2020-04-27;2020-07-03;2020-08-10;6;1411;8467
2020-04-02;2020-06-03;2020-08-07;6;1412;8473
2020-04-25;2020-06-06;2020-08-22;8;1413;8479
2020-04-20;2020-06-08;2020-08-27;8;1414;8485
2020-04-03;2020-06-30;2020-08-21;10;1415;8491
2020-04-15;2020-07-10;2020-08-16;9;1416;8497
2020-04-18;2020-07-15;2020-08-15;8;1417;8503
2020-04-29;2020-07-02;2020-08-28;1;1418;8509
2020-04-11;2020-07-21;2020-08-22;3;1419;8515
2020-04-19;2020-07-29;2020-08-13;7;1420;8521
2020-04-12;2020-07-22;2020-08-13;9;1421;8527
2020-04-06;2020-06-06;2020-08-04;3;1422;8533
2020-04-04;2020-07-14;2020-08-10;4;1423;8539
2020-04-26;2020-06-25;2020-08-15;6;1424;8545
2020-04-29;2020-06-18;2020-08-20;7;1425;8551
2020-04-22;2020-07-18;2020-08-14;3;1426;8557
2020-04-19;2020-07-10;2020-08-09;8;1427;8563
2020-04-01;2020-06-08;2020-08-04;6;1428;8569
2020-04-04;2020-06-25;2020-08-05;9;1429;8575
2020-04-14;2020-07-03;2020-08-16;6;1430;8581
2020-04-04;2020-07-17;2020-08-21;7;1431;8587
2020-04-25;2020-07-14;2020-08-07;6;1432;8593
2020-04-25;2020-06-15;2020-08-20;5;1433;8599
2020-04-24;2020-06-29;2020-08-11;7;1434;8605
2020-04-08;2020-06-15;2020-08-19;3;1435;8611
2020-04-12;2020-07-24;2020-08-05;10;1436;8617
2020-04-26;2020-06-28;2020-08-29;10;1437;8623
2020-04-27;2020-07-10;2020-08-10;10;1438;8629
2020-04-08;2020-07-30;2020-08-05;3;1439;8635
2020-04-07;2020-06-16;2020-08-13;7;1440;8641
2020-04-08;2020-06-03;2020-08-11;7;1441;8647
2020-04-11;2020-07-06;2020-08-16;6;1442;8653
2020-04-22;2020-07-26;2020-08-11;6;1443;8659
2020-04-03;2020-06-03;2020-08-28;4;1444;8665
2020-04-02;2020-07-26;2020-08-20;8;1445;8671
2020-04-28;2020-07-18;2020-08-25;5;1446;8677
2020-04-21;2020-07-11;2020-08-18;2;1447;8683
2020-04-30;2020-07-09;2020-08-25;10;1448;8689
2020-04-03;2020-06-30;2020-08-05;9;1449;8695
2020-04-21;2020-07-02;2020-08-16;5;1450;8701
2020-04-10;2020-07-28;2020-08-13;8;1451;8707
2020-04-29;2020-07-28;2020-08-08;1;1452;8713
2020-04-23;2020-06-28;2020-08-18;6;1453;8719
2020-04-23;2020-07-21;2020-08-20;6;1454;8725
2020-04-22;2020-06-02;2020-08-26;10;1455;8731
2020-04-19;2020-07-22;2020-08-08;4;1456;8737
2020-04-19;2020-07-26;2020-08-16;1;1457;8743
2020-04-18;2020-06-20;2020-08-22;7;1458;8749
2020-04-15;2020-07-09;2020-08-26;5;1459;8755
2020-04-05;2020-07-24;2020-08-15;10;1460;8761
2020-04-03;2020-07-09;2020-08-21;2;1461;8767
2020-04-01;2020-07-04;2020-08-06;6;1462;8773
2020-04-16;2020-07-09;2020-08-27;8;1463;8779
2020-04-27;2020-07-11;2020-08-12;5;1464;8785
2020-04-06;2020-07-28;2020-08-23;4;1465;8791
2020-04-01;2020-06-15;2020-08-09;7;1466;8797
2020-04-15;2020-07-23;2020-08-12;10;1467;8803
2020-04-05;2020-06-15;2020-08-25;3;1468;8809
2020-04-12;2020-07-12;2020-08-29;3;1469;8815
2020-04-06;2020-06-05;2020-08-28;10;1470;8821
2020-04-23;2020-06-17;2020-08-14;6;1471;8827
2020-04-15;2020-07-05;2020-08-04;10;1472;8833
2020-04-05;2020-06-12;2020-08-21;10;1473;8839
2020-04-08;2020-06-20;2020-08-28;5;1474;8845
2020-04-25;2020-07-30;2020-08-27;9;1475;8851
2020-04-05;2020-06-02;2020-08-29;7;1476;8857
2020-04-11;2020-06-23;2020-08-23;1;1477;8863
2020-04-23;2020-06-25;2020-08-21;9;1478;8869
2020-04-13;2020-07-05;2020-08-19;9;1479;8875
2020-04-04;2020-07-18;2020-08-14;4;1480;8881
2020-04-04;2020-06-04;2020-08-24;3;1481;8887
2020-04-22;2020-06-16;2020-08-16;1;1482;8893
2020-04-16;2020-06-27;2020-08-21;9;1483;8899
2020-04-23;2020-06-07;2020-08-09;6;1484;8905
2020-04-18;2020-06-16;2020-08-10;6;1485;8911
2020-04-02;2020-06-19;2020-08-22;4;1486;8917
2020-04-12;2020-07-01;2020-08-10;5;1487;8923
2020-04-22;2020-06-06;2020-08-06;9;1488;8929
2020-04-30;2020-06-15;2020-08-15;10;1489;8935
2020-04-22;2020-07-20;2020-08-29;5;1490;8941
2020-04-28;2020-06-04;2020-08-05;9;1491;8947
2020-04-25;2020-06-16;2020-08-18;4;1492;8953
2020-04-02;2020-07-09;2020-08-07;10;1493;8959
2020-04-30;2020-07-06;2020-08-07;2;1494;8965
2020-04-10;2020-07-14;2020-08-18;1;1495;8971
2020-04-15;2020-06-29;2020-08-16;7;1496;8977
2020-04-21;2020-06-27;2020-08-22;2;1497;8983
2020-04-06;2020-06-29;2020-08-23;9;1498;8989
2020-04-09;2020-06-30;2020-08-24;2;1499;8995
2020-04-22;2020-07-07;2020-08-21;4;1500;9001
2020-04-04;2020-07-23;2020-08-03;7;1501;9007
2020-04-20;2020-06-23;2020-08-13;9;1502;9013
2020-04-20;2020-06-29;2020-08-14;10;1503;9019
2020-04-17;2020-06-07;2020-08-08;3;1504;9025
2020-04-03;2020-06-09;2020-08-22;9;1505;9031
2020-04-03;2020-07-29;2020-08-12;6;1506;9037
2020-04-08;2020-07-26;2020-08-26;6;1507;9043
2020-04-03;2020-07-26;2020-08-11;7;1508;9049
2020-04-07;2020-06-12;2020-08-09;8;1509;9055
2020-04-11;2020-06-05;2020-08-07;1;1510;9061
2020-04-09;2020-07-28;2020-08-17;5;1511;9067
2020-04-10;2020-06-16;2020-08-10;9;1512;9073
2020-04-29;2020-07-11;2020-08-08;3;1513;9079
2020-04-04;2020-06-26;2020-08-20;9;1514;9085
2020-04-10;2020-07-07;2020-08-19;10;1515;9091
2020-04-16;2020-06-23;2020-08-12;6;1516;9097
2020-04-18;2020-06-02;2020-08-14;6;1517;9103
2020-04-30;2020-06-24;2020-08-29;1;1518;9109
2020-04-19;2020-07-26;2020-08-07;3;1519;9115
2020-04-12;2020-07-22;2020-08-15;7;1520;9121
2020-04-07;2020-06-20;2020-08-10;6;1521;9127
2020-04-26;2020-06-03;2020-08-16;5;1522;9133
2020-04-08;2020-06-17;2020-08-07;2;1523;9139
2020-04-26;2020-07-25;2020-08-17;2;1524;9145
2020-04-11;2020-06-29;2020-08-27;5;1525;9151
2020-04-15;2020-07-17;2020-08-22;4;1526;9157
2020-04-20;2020-07-23;2020-08-11;2;1527;9163
2020-04-01;2020-07-24;2020-08-16;3;1528;9169
2020-04-04;2020-06-07;2020-08-29;6;1529;9175
2020-04-29;2020-06-04;2020-08-06;4;1530;9181
2020-04-23;2020-07-17;2020-08-20;4;1531;9187
2020-04-15;2020-06-07;2020-08-20;9;1532;9193
2020-04-01;2020-07-30;2020-08-15;9;1533;9199
2020-04-10;2020-06-18;2020-08-13;7;1534;9205
2020-04-08;2020-07-27;2020-08-16;10;1535;9211
2020-04-20;2020-07-02;2020-08-17;3;1536;9217
2020-04-25;2020-07-27;2020-08-17;2;1537;9223
2020-04-23;2020-07-09;2020-08-15;9;1538;9229
2020-04-06;2020-07-31;2020-08-29;8;1539;9235
2020-04-24;2020-06-14;2020-08-29;2;1540;9241
2020-04-14;2020-06-18;2020-08-14;9;1541;9247
2020-05-01;2020-07-07;2020-08-05;1;1542;9253
2020-04-09;2020-06-03;2020-08-09;1;1543;9259
2020-04-07;2020-06-20;2020-08-28;1;1544;9265
2020-04-14;2020-07-12;2020-08-21;1;1545;9271
2020-04-06;2020-07-26;2020-08-14;8;1546;9277
2020-04-22;2020-06-29;2020-08-14;2;1547;9283
2020-04-30;2020-06-12;2020-08-11;2;1548;9289
2020-04-15;2020-06-07;2020-08-16;7;1549;9295
2020-04-03;2020-07-18;2020-08-23;5;1550;9301
2020-04-21;2020-07-16;2020-08-04;5;1551;9307
2020-04-18;2020-07-08;2020-08-07;6;1552;9313
2020-04-21;2020-07-23;2020-08-20;6;1553;9319
2020-04-14;2020-07-19;2020-08-20;5;1554;9325
2020-04-19;2020-07-25;2020-08-16;7;1555;9331
2020-04-24;2020-07-20;2020-08-07;3;1556;9337
2020-04-13;2020-06-12;2020-08-23;2;1557;9343
2020-04-19;2020-06-22;2020-08-14;8;1558;9349
2020-04-07;2020-06-17;2020-08-20;8;1559;9355
2020-04-02;2020-06-21;2020-08-08;4;1560;9361
2020-04-03;2020-06-27;2020-08-07;7;1561;9367
2020-04-15;2020-07-17;2020-08-09;6;1562;9373
2020-04-10;2020-07-07;2020-08-20;10;1563;9379
2020-04-23;2020-07-27;2020-08-07;3;1564;9385
2020-04-03;2020-07-20;2020-08-27;5;1565;9391
2020-04-04;2020-06-07;2020-08-13;1;1566;9397
2020-04-22;2020-06-03;2020-08-28;10;1567;9403
2020-04-22;2020-06-28;2020-08-21;4;1568;9409
2020-04-30;2020-06-23;2020-08-22;1;1569;9415
2020-04-11;2020-07-03;2020-08-20;6;1570;9421
2020-04-08;2020-07-31;2020-08-26;6;1571;9427
2020-04-16;2020-07-04;2020-08-10;8;1572;9433
2020-04-09;2020-07-21;2020-08-27;9;1573;9439
2020-04-02;2020-07-07;2020-08-07;4;1574;9445
2020-04-23;2020-07-24;2020-08-10;3;1575;9451
2020-04-17;2020-06-19;2020-08-18;8;1576;9457
2020-04-20;2020-06-11;2020-08-14;8;1577;9463
2020-04-13;2020-06-21;2020-08-13;5;1578;9469
2020-04-08;2020-06-01;2020-08-20;5;1579;9475
2020-04-25;2020-06-28;2020-08-26;10;1580;9481
2020-04-28;2020-07-12;2020-08-25;6;1581;9487
2020-04-27;2020-07-02;2020-08-17;10;1582;9493
2020-04-23;2020-07-31;2020-08-03;9;1583;9499
2020-04-27;2020-07-08;2020-08-10;6;1584;9505
2020-04-20;2020-07-17;2020-08-09;5;1585;9511
2020-04-18;2020-07-16;2020-08-03;9;1586;9517
2020-04-22;2020-07-15;2020-08-21;10;1587;9523
2020-04-28;2020-07-30;2020-08-12;1;1588;9529
2020-04-09;2020-06-24;2020-08-11;2;1589;9535
2020-04-03;2020-06-20;2020-08-04;2;1590;9541
2020-04-24;2020-07-28;2020-08-07;3;1591;9547
2020-04-07;2020-07-30;2020-08-15;2;1592;9553
2020-04-04;2020-06-23;2020-08-19;6;1593;9559
2020-04-11;2020-07-29;2020-08-14;6;1594;9565
2020-04-28;2020-07-06;2020-08-18;10;1595;9571
2020-04-10;2020-06-25;2020-08-28;3;1596;9577
2020-04-20;2020-07-11;2020-08-29;4;1597;9583
2020-04-25;2020-06-28;2020-08-22;8;1598;9589
2020-04-05;2020-06-23;2020-08-15;4;1599;9595
2020-04-14;2020-06-10;2020-08-08;6;1600;9601
2020-04-02;2020-07-10;2020-08-04;8;1601;9607
2020-04-02;2020-06-23;2020-08-24;5;1602;9613
2020-04-29;2020-07-02;2020-08-25;6;1603;9619
2020-04-12;2020-07-04;2020-08-09;1;1604;9625
2020-04-05;2020-06-29;2020-08-22;3;1605;9631
2020-04-01;2020-07-03;2020-08-05;9;1606;9637
2020-04-21;2020-06-08;2020-08-29;2;1607;9643
2020-04-22;2020-07-29;2020-08-25;9;1608;9649
2020-04-13;2020-06-23;2020-08-06;1;1609;9655
2020-04-10;2020-06-09;2020-08-05;4;1610;9661
2020-04-14;2020-06-15;2020-08-17;5;1611;9667
2020-04-10;2020-07-04;2020-08-24;7;1612;9673
2020-04-13;2020-07-12;2020-08-24;10;1613;9679
2020-04-05;2020-06-04;2020-08-11;9;1614;9685
2020-04-25;2020-07-16;2020-08-25;9;1615;9691
2020-04-24;2020-07-16;2020-08-03;1;1616;9697
2020-04-22;2020-07-15;2020-08-14;9;1617;9703
2020-04-23;2020-07-14;2020-08-18;8;1618;9709
2020-04-22;2020-07-13;2020-08-17;2;1619;9715
2020-04-21;2020-07-12;2020-08-16;3;1620;